Word,Pinyin,Tag,WF,HD,PF,CF,NC,NS,NWF,AoL,NM,REG,AoA,CON,FAM,IMG
哀,ai1,v,7,9,319,69,3,9,26,7,2,0,4.51,4.19,5.06,5.46
埃,ai1,n,1,9,319,99,4,10,2,12,1,-1,5.25,4.67,4.91,3.81
挨,ai1,v,77,9,319,44,4,10,8,4,3,-1,4.34,4.43,5.58,5.25
癌,ai2,n,15,11,26,19,5,17,2,16,1,0,5.94,5.51,6.43,6.44
矮,ai3,a,20,13,48,34,4,13,7,3,1,-1,3.41,5.3,6.83,6.55
爱,ai4,v,418,33,741,826,4,10,40,1,3,0,3.35,4.15,6.68,5.39
碍,ai4,v,10,33,741,52,4,13,7,7,1,0,5.11,3.92,4.97,4
安,an1,v,21,27,451,1010,2,6,64,2,3,0,3.46,3.23,5.77,4.18
鞍,an1,n,2,27,451,12,3,15,3,13,1,1,5.49,5.38,5.68,4.97
岸,an4,n,109,15,438,116,3,8,8,1,2,-1,3.74,6.06,5.94,6.74
案,an4,n,78,15,438,318,3,10,61,3,4,1,4.39,4.68,6,5.25
暗,an4,a,16,15,438,314,3,13,44,4,3,-1,3.74,5.23,6.8,6.18
昂,ang2,v,3,3,37,51,3,8,8,4,3,1,4.77,4.08,5.81,4.94
凹,ao1,a,3,6,34,12,1,5,5,9,1,0,4.72,5.24,5.48,6.25
熬,ao2,v,36,27,12,21,4,14,4,7,3,1,5.21,4.69,6.19,5.17
袄,ao3,n,8,8,39,7,3,9,1,11,1,-1,4.26,6.49,6.35,5.68
扒,ba1,v,34,23,2033,12,2,5,4,2,4,-1,3.87,5.65,6.52,5.56
疤,ba1,n,3,23,2033,12,2,9,5,13,2,1,4.64,6.47,6.71,6.39
笆,ba1,n,1,23,2033,4,2,10,3,4,1,1,4.92,5.72,5,4.73
拔,ba2,v,30,19,99,84,4,8,13,2,3,0,3.81,5.54,6.13,6.25
靶,ba3,n,1,4,3006,4,2,13,6,15,1,1,5.56,6.39,6,5.94
坝,ba4,n,3,15,698,15,2,7,8,8,3,-1,4.75,6.31,5.39,6.43
爸,ba4,n,73,15,698,179,2,8,3,1,1,1,2.21,6.76,7,6.94
罢,ba4,v,15,15,698,125,3,10,13,8,3,0,5,3.76,5.23,4.04
霸,ba4,n,2,15,698,46,3,21,13,15,3,0,5.23,4.1,5.5,4.45
掰,bai1,v,3,2,7,3,4,12,2,2,1,0,5.03,5.51,5.78,5.91
白,bai2,a,220,1,914,1023,1,5,123,1,4,0,2.64,5.78,6.81,6.47
柏,bai3,n,3,11,1089,61,2,9,4,3,3,-1,4.5,6.53,6.29,5.55
摆,bai3,v,165,11,1089,154,4,13,17,2,4,-1,4.05,5.54,6.48,5.84
败,bai4,v,14,14,184,169,2,8,28,5,4,-1,4.03,4.53,5.65,5.25
拜,bai4,v,13,14,184,132,3,9,16,6,3,0,4.5,4.72,6.39,5.13
扳,ban1,v,8,16,693,13,3,7,4,14,2,-1,4.9,5.1,5.5,4.77
班,ban1,n,169,16,693,249,3,10,22,5,4,0,3.63,5.44,6.5,5.45
颁,ban1,v,2,16,693,27,4,10,3,19,1,-1,5.14,4.65,5.45,4.96
斑,ban1,n,9,16,693,26,3,12,16,6,1,0,4.42,5.38,5.74,5.79
搬,ban1,v,97,16,693,67,4,13,5,2,1,1,4.05,5.49,6.61,5.48
板,ban3,n,18,14,389,221,3,8,78,3,3,-1,3.77,6.31,6.33,6.26
办,ban4,v,522,15,1531,691,2,4,22,1,3,0,3.67,3.73,5.87,3.82
伴,ban4,v,22,15,1531,106,3,7,15,3,2,1,3.56,4.43,6.23,5.76
扮,ban4,v,4,15,1531,58,3,7,8,3,1,-1,4.11,5.13,6.56,5.53
拌,ban4,v,8,15,1531,6,3,8,4,5,1,1,4.36,5.3,6.55,5.71
绊,ban4,v,5,15,1531,9,3,8,4,11,1,1,4.46,5.33,6.55,5.56
瓣,ban4,n,2,15,1531,12,5,19,5,2,2,0,4.46,6.05,6.47,5.44
邦,bang1,n,4,13,378,74,2,6,10,8,1,0,4.83,3.94,5.58,3.54
帮,bang1,v,116,13,378,349,3,9,20,2,3,1,3.68,5,6.9,4.94
绑,bang3,v,17,5,161,30,3,9,7,4,1,1,4.79,5.93,6.48,5.68
榜,bang3,n,11,5,161,24,5,14,7,9,1,-1,4.78,4.82,6.34,5.13
膀,bang3,n,1,5,161,49,5,14,5,2,3,1,4.64,5.58,5.94,5.18
傍,bang4,v,3,17,118,21,5,12,5,2,2,-1,4.82,4.13,4.87,4.81
棒,bang4,a,8,17,118,35,3,12,18,5,2,-1,4.03,4.51,5.53,5.26
谤,bang4,v,1,17,118,4,5,12,1,18,1,-1,6.1,4.15,5.81,4.03
包,bao1,v,71,15,546,402,2,5,62,2,5,0,3.18,5.49,6.41,6.12
褒,bao1,v,2,15,546,4,5,15,1,15,1,1,5.65,3.88,5.16,4.41
雹,bao2,n,6,3,125,2,3,13,3,4,1,1,5.17,6.39,4.77,6.25
宝,bao3,n,23,23,802,322,2,8,30,4,2,0,3.05,5.03,6.69,5.03
饱,bao3,a,34,23,802,46,3,8,15,3,1,1,3.42,5.32,6.68,6.43
保,bao3,v,51,23,802,733,3,9,46,6,3,0,4.11,3.62,5.94,4.32
堡,bao3,n,3,23,802,73,4,12,9,4,3,1,5,5.81,5.81,6.11
报,bao4,n,359,22,1058,1073,3,7,74,1,3,0,3.79,5.38,6.33,4.38
抱,bao4,v,115,22,1058,219,3,8,16,2,3,1,3.25,5.97,6.74,6.52
豹,bao4,n,3,22,1058,27,3,10,4,7,1,-1,4.64,6.79,6.57,6.12
暴,bao4,a,20,22,1058,122,4,15,35,7,4,0,4.88,3.44,6.06,4.42
爆,bao4,v,6,22,1058,75,5,19,11,5,1,1,4.88,4.69,6.28,5.48
悲,bei1,a,3,11,236,130,2,12,25,6,2,-1,4.2,4.85,6.59,5.84
碑,bei1,n,21,11,236,28,3,13,6,3,1,1,5.05,5.75,6.28,5.41
北,bei3,n,98,2,433,794,2,5,24,2,2,0,2.68,5.13,6.6,5.58
贝,bei4,n,3,42,1911,154,1,4,5,2,2,0,3.53,6.08,6.39,5.21
狈,bei4,n,3,42,1911,12,2,7,1,10,1,1,5.17,5.33,4.52,3.86
备,bei4,v,35,42,1911,430,2,8,29,3,3,0,4.2,3.67,5.13,4.14
背,bei4,v,113,42,1911,272,3,9,44,1,5,1,3.41,5.95,6.74,6.03
悖,bei4,v,2,42,1911,5,4,10,2,15,1,0,6.03,3.79,5.03,3.53
奔,ben1,v,46,10,105,146,3,8,20,4,2,0,4.03,5.38,6.55,6.41
笨,ben4,a,9,7,24,38,2,11,7,3,3,1,3.63,4.87,6.87,5.61
崩,beng1,v,4,12,48,23,3,11,10,7,4,-1,5.09,4.41,5.39,4.82
绷,beng1,v,10,12,48,17,3,11,4,7,3,-1,5.13,4.8,5.94,5.5
泵,beng4,n,7,9,49,4,2,9,5,24,1,-1,5.64,6,5.53,5.29
迸,beng4,v,3,9,49,10,3,9,5,9,1,-1,5.18,4.56,5.53,4.74
蹦,beng4,v,24,9,49,14,5,18,6,2,1,1,4.15,5.93,6.86,6.61
逼,bi1,v,42,11,66,92,4,12,15,7,3,0,4.83,4.26,6.44,5.52
鼻,bi2,n,5,3,117,87,3,14,17,5,2,0,3.03,6.89,6.84,6.67
币,bi4,n,19,120,1243,76,2,4,8,16,1,0,4.08,6.58,6.59,5.9
毕,bi4,v,6,120,1243,165,3,6,9,5,2,1,4.62,3.18,5.84,3.68
闭,bi4,v,41,120,1243,113,2,6,15,4,2,0,3.58,5.46,6.47,6.44
毙,bi4,v,2,120,1243,18,4,10,5,3,1,1,5.39,5.14,5.1,5.68
敝,bi4,v,2,120,1243,9,2,11,2,10,1,0,5.43,3.67,4.22,3.48
痹,bi4,v,1,120,1243,5,3,13,1,15,1,0,5.9,3.13,3.55,3.82
辟,bi4,v,6,120,1243,30,4,13,6,9,4,0,5.42,4.03,5.03,3.39
弊,bi4,n,5,120,1243,15,3,14,8,18,2,1,5.32,4.1,5.84,4.38
碧,bi4,a,2,120,1243,42,3,14,11,2,1,0,4.34,5.03,6.41,5.71
蔽,bi4,v,1,120,1243,19,3,14,8,5,2,1,5.5,4.41,5.28,3.94
壁,bi4,n,8,120,1243,98,5,16,35,2,3,-1,4.67,6.05,6.83,5.74
避,bi4,v,26,120,1243,144,5,16,8,7,1,-1,4.47,5.43,6.43,5.96
臂,bi4,n,16,120,1243,97,5,17,19,2,1,-1,3.8,6.32,6.25,6.38
边,bian1,n,192,21,1571,846,2,5,45,1,4,0,3.18,4.48,6.16,5.41
编,bian1,v,46,21,1571,152,3,12,27,6,4,1,4.31,4.84,6,5.29
鞭,bian1,n,8,21,1571,42,3,18,12,7,3,1,4.5,6.19,5.84,6.43
贬,bian3,v,3,13,61,13,3,8,5,15,2,-1,5.33,4.3,5.81,5.15
扁,bian3,a,1,13,61,19,2,9,8,1,2,0,3.98,5.1,6.16,5.16
匾,bian3,n,3,13,61,6,3,11,3,6,1,1,5.3,6.79,5.47,5.81
变,bian4,v,317,31,2074,708,3,8,59,1,1,0,3.45,4.31,6.72,5.16
辨,bian4,v,9,31,2074,31,5,16,6,4,1,0,4.74,4.97,6.29,5.75
辩,bian4,v,15,31,2074,64,5,16,19,7,1,0,5.03,4.7,6.47,5.71
辫,bian4,n,2,31,2074,11,5,17,6,5,2,0,4.2,6.83,6.31,5.65
标,biao1,v,8,42,228,324,2,9,27,7,3,-1,4.21,4.33,6.06,4.76
表,biao3,n,33,7,948,964,2,8,57,2,5,0,3.46,6.54,6.84,5.76
裱,biao3,v,1,7,948,2,3,13,1,14,1,1,6.08,5.22,3.61,5.21
憋,bie1,v,33,6,28,12,3,15,3,10,2,-1,5.49,4.94,5.16,6.04
鳖,bie1,n,31,6,28,4,5,19,2,18,1,-1,5.58,6.74,5.25,5.52
蹩,bie2,v,1,9,1205,3,4,18,2,19,1,-1,6.33,4.54,4.34,3.87
瘪,bie3,v,2,2,0,5,4,15,5,21,2,0,5.97,4.35,4.63,5.15
宾,bin1,n,2,29,39,87,3,10,9,2,1,-1,4.32,5.08,6.28,4.68
滨,bin1,n,7,29,39,28,4,13,7,7,2,1,5.53,5.62,5.69,4.55
殡,bin4,n,2,13,6,5,4,14,1,9,1,1,6.18,4.15,5,4.24
鬓,bin4,n,2,13,6,8,5,20,3,6,1,1,5.92,6.06,4.97,6.18
冰,bing1,n,62,10,513,165,2,6,30,2,3,0,3.03,6.95,6.84,6.6
兵,bing1,n,146,10,513,431,2,7,71,3,3,0,3.6,6.68,6.71,6.34
柄,bing3,n,2,23,107,36,3,9,7,7,3,1,5.13,6.26,6,5.26
饼,bing3,n,7,23,107,27,3,9,11,3,2,1,3.44,6.58,6.42,6.75
病,bing4,n,330,17,531,372,3,10,77,3,3,1,3.31,5.8,6.62,6.52
拨,bo1,v,51,27,386,58,4,8,13,1,3,-1,4.49,5.45,6.55,5.56
波,bo1,n,7,27,386,273,2,8,32,1,2,-1,3.86,5.54,6.67,6
剥,bo1,v,11,27,386,29,3,10,12,4,1,0,4.55,5.21,6.52,5.68
脖,bo2,n,1,27,371,39,4,11,5,3,2,0,3.76,6.65,6.46,7
播,bo1,v,11,27,386,86,3,15,14,4,2,-1,4.75,5.05,6.42,5.2
伯,bo2,n,11,69,371,230,2,7,9,2,3,-1,3.28,6.18,6.61,5.71
驳,bo2,v,2,69,371,29,4,7,12,6,3,-1,6,4.35,5.63,4.62
箔,bo2,n,1,69,371,2,3,14,1,13,3,1,6.21,5.6,4.88,4.91
薄,bo2,a,17,69,371,81,4,16,17,4,5,-1,4.36,5.22,6,6.04
跛,bo3,v,4,4,21,4,3,12,1,22,1,-1,5.53,5.25,5.31,5.71
补,bu3,v,81,10,207,141,2,7,27,2,3,-1,4.03,4.67,6.5,4.52
捕,bu3,v,7,10,207,73,2,10,15,3,1,-1,4.34,5.28,6,6.15
布,bu4,n,37,26,16549,473,2,5,47,2,4,0,3.4,6.84,6.71,6.52
部,bu4,n,183,26,16549,1536,3,10,62,2,3,0,4.11,3.68,5.32,3.82
簿,bu4,n,3,26,16549,12,4,19,5,15,1,1,4.8,5.68,5.69,5.06
擦,ca1,v,44,3,130,63,5,17,11,1,3,1,3.64,5.92,6.4,6.48
猜,cai1,v,43,2,67,82,3,11,9,5,2,-1,4.08,4.85,6.87,5.94
材,cai2,n,2,7,1364,158,2,7,22,4,3,1,3.72,5.2,6.55,5.06
财,cai2,n,42,7,1364,210,2,7,27,5,1,1,3.9,5.45,7,5.82
裁,cai2,v,8,7,1364,70,3,12,14,8,3,-1,4.44,5.45,6.03,6.12
采,cai3,v,41,11,417,269,2,8,22,2,4,0,3.87,5.08,6.55,5.91
彩,cai3,a,7,11,417,148,3,11,34,2,3,1,3.87,4.25,6.48,5.59
踩,cai3,v,23,11,417,24,4,15,1,3,1,1,3.95,6.26,6.74,6.12
菜,cai4,n,166,4,239,160,3,11,43,2,2,1,3.22,6.28,6.57,6.74
参,can1,v,47,12,366,372,3,8,26,1,4,0,3.9,3.43,5.97,4.38
餐,can1,n,3,12,366,125,3,16,18,2,2,0,4.31,5.68,6.87,6.12
残,can2,v,15,9,153,120,2,9,26,4,3,-1,4.59,4.25,5.48,5.47
蚕,can2,n,2,9,153,10,3,10,15,5,1,-1,4.28,6.92,6.57,5.97
惨,can3,a,16,8,45,81,4,11,15,5,3,1,4.64,3.95,6,5.82
仓,cang1,n,1,19,162,39,2,4,9,13,1,0,4.03,5.62,6.53,5.26
苍,cang1,a,2,19,162,75,3,7,25,2,1,1,4.25,2.97,5.13,3.82
舱,cang1,n,13,19,162,28,3,10,9,6,1,1,4.83,6.14,5.61,6.43
藏,cang2,v,33,5,122,201,5,17,30,3,4,-1,4.34,5.69,6.17,6.26
操,cao1,v,25,3,97,88,5,16,15,4,4,0,4.47,4.24,6.07,4.61
槽,cao2,n,1,11,42,9,3,15,10,6,2,1,5.25,5.81,5.23,5.93
草,cao3,n,78,6,446,223,3,9,82,1,4,-1,3.08,6.72,6.9,6.61
侧,ce4,n,23,27,422,93,3,8,15,5,3,-1,4.28,4.58,5.34,4.94
厕,ce4,n,4,27,422,18,3,8,2,5,2,-1,3.63,6.05,6.71,6.38
测,ce4,v,11,27,422,121,3,9,23,8,2,-1,4.64,4.33,6.53,4.94
策,ce4,n,5,27,422,214,2,12,19,10,4,-1,4.92,4.1,5.88,3.61
叉,cha1,v,7,21,126,25,2,3,9,9,4,0,4.13,5.1,5.19,5.06
杈,cha1,n,3,21,126,2,3,7,3,5,2,1,5.11,6.14,4.13,5.86
插,cha1,v,28,21,126,79,3,12,16,3,1,0,4.24,5.65,6.65,6.15
查,cha2,v,88,16,626,383,3,9,28,5,3,-1,3.82,4.85,6.59,5.15
茶,cha2,n,78,16,626,140,3,9,27,1,2,0,3.55,6.84,6.77,6.67
搽,cha2,v,1,16,626,1,4,12,1,24,1,1,5.46,4.78,4.78,3.81
察,cha2,v,3,16,626,283,4,14,18,2,1,0,4.29,3.89,5.68,4.14
岔,cha4,n,4,10,45,10,3,7,7,10,3,0,4.94,4.89,5.26,5.79
差,cha4,a,51,10,45,263,2,9,38,4,5,0,3.39,4.16,5.87,4.75
拆,chai1,v,28,3,259,40,2,8,8,6,2,-1,4.67,5.46,6.3,5.96
柴,chai2,n,10,7,394,42,3,10,24,2,1,-1,3.83,6.28,5.97,6.61
豺,chai2,n,1,7,394,2,2,10,6,7,1,-1,5.68,6.16,5.84,4.81
掺,chan1,v,7,12,24,8,4,11,4,7,1,1,5.25,4.95,5.23,5.64
搀,chan1,v,13,12,24,8,4,12,5,8,2,0,4.94,5.76,5.58,6
馋,chan2,a,3,45,71,4,4,12,3,4,2,0,4.4,4.76,5.94,6.33
缠,chan2,v,19,45,71,57,3,13,12,6,2,1,4.5,5.26,6.41,5.58
蝉,chan2,n,1,45,71,11,3,14,4,4,1,-1,4.69,6.74,6.42,5.82
产,chan3,v,50,31,2379,1152,2,6,68,2,4,0,3.56,3.97,5.74,4.68
铲,chan3,v,8,31,2379,9,3,11,4,7,2,1,4.77,6,6.22,5.52
颤,chan4,v,4,9,61,73,7,19,21,5,2,0,4.88,5.41,6.16,5.77
昌,chang1,a,1,18,19,73,2,8,1,13,1,0,4.78,3.18,5.69,3.29
长,chang2,a,268,27,2999,1794,1,4,150,1,5,0,2.49,4.97,6.73,6.56
肠,chang2,n,9,27,2999,37,2,7,18,5,1,-1,4.33,6.45,6.55,6.15
尝,chang2,v,53,27,2999,64,4,9,8,5,2,-1,3.84,5.5,6.87,6.35
偿,chang2,v,3,27,2999,56,5,11,10,15,2,1,4.6,4.08,5.47,4.29
厂,chang3,n,512,11,1032,309,1,2,27,1,3,0,3,5.81,6.06,6.15
敞,chang3,v,4,11,1032,22,4,12,7,5,2,-1,4.87,4.93,6.16,5.29
畅,chang4,a,3,12,319,39,2,8,14,7,2,0,5.19,3,5.74,4.57
唱,chang4,v,133,12,319,133,3,11,14,1,2,1,3.41,6.23,6.93,6.52
抄,chao1,v,23,10,471,27,3,7,10,5,3,-1,3.82,5.78,6.87,6.56
超,chao1,v,52,10,471,193,4,12,17,6,1,-1,4.11,4.08,5.42,4.63
巢,chao2,n,11,16,156,16,2,11,5,8,1,-1,4.97,6.42,5.77,6.56
潮,chao2,n,23,16,156,99,5,15,30,2,3,1,4.59,6.05,6.61,5.74
吵,chao3,v,48,6,76,54,3,7,9,4,3,-1,3.44,5.33,6.63,5.87
炒,chao3,v,56,6,76,19,3,8,3,6,1,-1,4.08,5.33,6.42,5.84
车,che1,n,433,9,1143,884,1,4,102,2,4,0,2.65,6.84,6.9,6.48
扯,che3,v,45,4,64,64,2,7,18,8,3,-1,4.66,5.86,5.77,6
彻,che4,a,2,16,206,98,3,7,8,6,1,-1,4.97,3.03,5,3.55
撤,che4,v,47,16,206,64,5,15,7,5,2,0,4.95,5.03,6.61,4.94
尘,chen2,n,2,33,542,72,2,6,26,4,2,0,3.95,6.03,6.53,5.35
臣,chen2,n,33,33,542,132,1,6,6,10,3,0,4.28,5.31,6.48,5.06
沉,chen2,v,36,33,542,328,3,7,50,3,3,-1,3.78,5.38,6.5,5.29
陈,chen2,a,3,33,542,347,2,7,17,3,4,-1,4.38,3.28,5.39,4.41
闯,chuang3,v,48,17,35,52,3,6,5,4,3,0,4.35,5.13,6.44,5.58
衬,chen4,v,4,17,93,33,2,8,12,3,2,-1,4.31,4.22,5.23,4.48
称,chen4,v,120,17,93,311,3,10,34,4,4,0,4.32,5.05,6.47,5.26
撑,cheng1,v,19,31,26,41,5,15,4,6,3,-1,4.95,5.23,6.34,5.32
成,cheng2,v,903,50,3769,2191,2,6,99,1,4,0,3.17,3.22,5.55,3.64
呈,cheng2,v,29,50,3769,49,2,7,7,5,3,-1,4.56,4,5.39,3.82
诚,cheng2,a,8,50,3769,126,3,8,19,2,2,1,4,3.75,6.25,4.94
城,cheng2,n,171,50,3769,598,3,9,27,2,2,1,3.8,6.5,6.78,6.42
乘,cheng2,v,62,50,3769,112,3,10,18,3,3,0,3.84,4.68,6.48,5.47
惩,cheng2,v,1,50,3769,32,4,12,9,10,1,-1,5.28,4.86,6,5.43
程,cheng2,n,3,50,3769,515,3,12,36,7,3,1,4.95,3.38,6.09,3.32
澄,cheng2,a,1,50,3769,24,5,15,4,3,2,-1,5.42,4.05,4.69,4.47
逞,cheng3,v,3,8,6,11,3,10,3,15,2,1,5.65,3,5.25,3.39
秤,cheng4,n,9,1,239,6,3,10,10,4,1,-1,4.6,6.51,5.61,6.32
吃,chi1,v,998,33,1014,604,3,6,32,1,4,-1,2.61,6.45,7,6.85
弛,chi2,v,2,30,531,6,2,6,4,14,1,-1,5.03,4.62,5.42,4.5
池,chi2,n,11,30,531,66,2,6,13,2,3,-1,3.58,6.49,6.59,6
驰,chi2,v,3,30,531,39,3,6,11,7,2,-1,5.05,4.92,6.45,5.82
迟,chi2,a,19,30,531,115,2,7,16,2,2,1,3.78,4.51,5.71,5.18
持,chi2,v,51,30,531,519,3,9,19,4,3,-1,4.64,4.87,6.38,4.58
齿,chi3,n,3,22,177,44,3,8,13,5,3,-1,3.03,6.59,6.53,6.69
耻,chi3,n,2,22,177,34,2,10,8,7,1,-1,4.74,3.45,5.78,4.82
斥,chi4,v,3,39,151,39,1,5,10,12,3,0,4.75,4.76,5.52,5.61
赤,chi4,v,1,39,151,62,2,7,26,2,3,0,4.82,3.4,4.16,4.65
炽,chi4,v,2,39,151,17,3,9,5,11,1,1,5.49,3.58,4.1,3.71
翅,chi4,n,2,39,151,21,4,10,11,2,2,-1,3.82,6.32,6.56,6.1
充,chong1,v,9,18,557,252,3,6,25,4,3,0,4.13,3.54,6,4.39
冲,chong1,v,114,18,557,294,2,6,43,2,4,-1,3.8,4.82,6.38,5.17
虫,chong2,n,13,11,424,56,1,6,64,1,1,0,2.6,6.64,6.37,6.81
崇,chong2,v,2,11,424,69,3,11,9,10,2,-1,5.33,2.84,5.25,3.26
宠,chong3,v,5,3,8,34,2,8,7,16,1,-1,4.95,3.78,6.47,5.12
抽,chou1,v,102,7,162,132,2,8,21,3,4,-1,4.17,5.53,5.87,6.11
仇,chou2,n,8,34,228,101,2,4,11,7,2,-1,4.18,4.15,6.25,4.87
绸,chou2,n,6,34,228,22,4,11,11,4,1,-1,5.33,5.85,6.35,5.47
愁,chou2,v,12,34,228,58,3,13,20,6,1,-1,4.4,4.68,5.97,5.45
稠,chou2,a,1,34,228,4,4,13,4,4,2,-1,5.18,4.38,5.66,5.35
筹,chou2,v,7,34,228,66,3,13,13,7,2,-1,5.87,3.5,5.28,3.74
酬,chou2,n,4,34,228,27,2,13,9,8,3,-1,5.3,4.87,6.38,5.35
丑,chou3,a,26,10,53,51,1,4,14,4,4,0,3.13,5.05,6.71,5.68
瞅,chou3,v,47,10,53,18,3,14,2,3,1,-1,5.15,6.24,5.84,5.55
臭,chou4,a,45,4,45,42,2,10,8,5,3,-1,3.44,5.53,6.77,6.82
出,chu1,v,2166,7,4134,4262,2,5,129,1,5,0,2.58,4.72,6.52,5.13
初,chu1,n,148,7,4134,278,2,7,35,7,1,0,4.18,3.33,4.94,3.23
厨,chu2,n,1,30,408,54,5,12,5,7,1,-1,4.03,6.03,6.44,5.55
锄,chu2,n,3,30,408,5,3,12,3,2,3,-1,4.14,6.47,5.26,5.93
雏,chu2,a,1,30,408,7,4,13,3,15,1,0,5.59,4.26,5.16,4.55
储,chu3,v,2,15,414,46,4,12,10,8,1,-1,5,5.03,5.77,5.93
处,chu4,n,131,34,816,910,2,5,56,2,4,0,3.83,3.54,5.06,3.96
怵,chu4,a,3,34,816,2,3,8,2,21,1,-1,6.51,3.33,3.52,4
触,chu4,v,10,34,816,99,4,13,17,6,2,-1,4.45,5.33,6.44,5.55
矗,chu4,v,2,34,816,7,6,24,2,3,1,0,5.82,4.33,4.87,4.82
揣,chuai3,v,13,1,0,12,3,12,3,13,3,0,5.23,4.98,6.13,5.26
踹,chuai4,v,8,3,4,4,4,16,1,17,1,0,5.18,5.92,6.09,5.81
穿,chuan1,v,238,6,373,293,3,9,19,2,3,0,3.3,5.46,6.84,5.97
传,chuan2,v,126,12,1001,555,2,6,49,4,4,-1,4.08,4.82,6.33,5.52
船,chuan2,n,208,12,1001,256,3,11,43,1,1,-1,3.4,6.84,6.74,6.74
喘,chuan3,v,19,4,48,53,3,12,7,3,1,0,4.75,5.92,6.13,6.23
疮,chuang1,n,4,10,233,6,3,9,7,13,1,-1,5.95,5.87,5.72,5.71
窗,chuang1,n,63,10,233,173,5,12,23,1,1,-1,3.15,6.95,6.81,6.71
床,chuang2,n,102,3,252,215,2,7,27,3,2,0,2.59,6.9,7,6.91
创,chuang4,v,62,7,282,286,3,6,22,6,2,-1,4.67,3.8,6.38,5.18
吹,chui1,v,118,3,166,97,3,7,16,1,3,0,3.33,5.95,6.83,6.13
炊,chui1,v,1,3,166,7,3,8,2,5,1,1,4.92,4.3,4.75,4.88
垂,chui2,v,8,16,99,77,1,8,19,4,3,0,4.2,4.79,6,4.68
捶,chui2,v,8,16,99,9,2,11,2,17,1,1,5.11,6.11,5.61,6.26
锤,chui2,n,3,16,99,11,2,13,8,4,3,1,4.61,6.47,5.74,6.63
春,chun1,n,51,17,227,267,2,9,39,2,1,0,2.85,5.63,6.97,6.55
纯,chun2,a,38,20,174,123,2,7,15,9,1,-1,4.34,4.08,6.3,4.93
唇,chun2,n,6,20,174,106,4,10,9,6,1,-1,3.82,6.95,6.58,6.83
醇,chun2,n,1,20,174,10,4,15,8,15,3,-1,5.75,3.86,4.71,4.43
蠢,chun3,a,6,7,10,32,4,21,4,12,2,1,4.78,4.7,6.4,6.04
戳,chuo1,v,3,2,8,13,5,18,5,11,3,-1,5.74,5.48,6.1,5.88
辍,chuo4,v,2,22,13,3,5,12,1,16,1,0,5.4,4.36,5.63,3.58
词,ci2,n,31,31,290,135,4,7,28,3,3,-1,3.64,5.73,6.9,5.79
祠,ci2,n,3,31,290,7,4,9,4,18,1,1,5.82,5.48,5.59,4.65
瓷,ci2,n,6,31,290,20,4,10,8,9,1,1,5.08,6.3,6.63,5.53
慈,ci2,a,2,31,290,69,4,13,23,2,2,-1,4.83,4.49,6.45,4.58
辞,ci2,v,13,31,290,87,4,13,5,7,3,0,4.95,4.03,6,4.68
磁,ci2,n,5,31,290,21,4,14,26,14,2,-1,5.53,4.16,5.52,5.19
雌,ci2,a,2,31,290,10,4,14,5,10,1,1,5.63,4.92,5.63,5.1
刺,ci4,v,18,14,1118,161,2,8,27,3,4,0,4.44,6,6.67,6.24
赐,ci4,v,8,14,1118,33,4,12,3,10,2,-1,5.28,5.08,6.35,5.13
葱,cong1,n,6,36,164,11,4,12,15,5,1,1,3.97,6.81,6.53,6.75
丛,cong2,n,4,22,2163,52,3,5,16,2,2,1,3.89,4.75,6.03,4.59
凑,cou4,v,36,6,48,39,4,11,10,5,2,-1,4.64,4.76,5.93,5.36
粗,cu1,a,23,5,127,89,2,11,29,2,2,-1,3.33,5.73,6.59,6.73
促,cu4,v,23,20,133,141,3,9,13,6,2,-1,4.51,3.58,6.19,4.59
醋,cu4,n,17,20,133,15,3,15,3,15,1,-1,4.28,6.62,6.3,6.85
蹿,cuan1,v,7,7,2,3,5,19,1,4,1,1,5.39,5.3,5.29,5.68
窜,cuan4,v,10,8,43,27,3,12,3,5,3,1,4.82,5.15,6.59,5.47
催,cui1,v,23,14,68,37,4,13,10,3,1,1,4.49,4.5,6.41,5.24
摧,cui1,v,3,14,68,17,4,14,5,7,1,1,5.13,4.62,6.19,5.09
脆,cui4,a,3,25,107,49,4,10,1,4,3,-1,4.34,5,6.72,5.53
啐,cui4,v,3,25,107,4,5,11,11,17,1,-1,5.88,4.82,4.44,4.24
翠,cui4,a,3,25,107,53,6,14,11,5,3,-1,4.39,4.3,5.81,5.18
村,cun1,n,365,6,459,375,2,7,15,1,1,1,3.33,6.31,6.77,6.03
存,cun2,v,46,3,286,331,3,6,26,2,3,0,3.78,4.57,6.53,4.79
搓,cuo1,v,14,8,29,12,3,12,3,5,1,-1,4.49,5.58,6.45,5.97
挫,cuo4,v,1,15,573,20,4,10,7,17,2,-1,5.19,3.81,5.52,4.64
错,cuo4,a,52,15,573,353,3,13,26,2,4,-1,3.18,4.64,6.53,5.23
搭,da1,v,53,11,84,65,5,12,20,4,3,0,4.69,4.76,6.23,4.82
达,da2,v,406,34,723,647,2,6,23,2,4,1,4.08,3.85,5.52,4.13
答,da2,v,108,34,723,434,4,12,22,3,2,-1,3.54,5.28,6.67,5.29
打,da3,v,911,1,1410,1198,2,5,134,2,4,-1,3.05,5.75,6.9,6.82
大,da4,a,2964,4,6832,5613,1,3,296,1,3,0,2.38,5.53,6.84,6.81
呆,dai1,v,52,4,92,152,2,7,12,4,3,0,3.78,4.05,5.81,4.39
歹,dai3,a,1,2,32,25,1,4,5,14,1,0,4.95,3.79,5.47,4
带,dai4,v,525,45,2396,724,3,9,71,2,4,0,3.22,4.97,6.77,5.46
待,dai4,v,57,45,2396,383,3,9,37,5,3,-1,4.28,4.35,5.77,4.75
贷,dai4,v,5,45,2396,56,3,9,6,7,3,1,5.42,4.59,5.68,4.89
逮,dai4,v,12,45,2396,24,3,11,2,5,2,-1,4.74,5.33,6.74,5.74
戴,dai4,v,92,45,2396,125,5,17,5,2,2,0,4.08,5.79,6.47,5.58
丹,dan1,n,1,30,49,126,1,4,6,8,2,0,4.38,3.88,5.34,4.53
担,dan1,v,13,30,49,260,3,8,23,2,4,1,4.03,5.03,5.45,5.68
胆,dan3,n,16,16,88,106,3,9,24,2,3,1,3.77,5.36,6.55,5.43
掸,dan3,v,1,16,88,3,3,11,2,12,3,1,5.56,4.95,4.77,5.18
旦,dan4,n,1,41,1840,85,2,5,8,5,2,0,4.5,4.25,4.97,3.57
弹,dan4,v,22,41,1840,160,3,11,35,4,3,1,4.48,5.05,6.25,5.42
淡,dan4,a,20,41,1840,163,3,11,33,3,3,-1,3.85,4.63,6.55,5.53
蛋,dan4,n,56,41,1840,98,3,11,22,3,2,0,3.08,6.79,6.77,6.67
当,dang1,v,597,13,1698,1992,2,6,89,2,5,0,3.65,3.87,5.19,3.55
挡,dang3,v,29,10,1567,58,3,9,10,3,3,1,4.18,5.6,6.65,5.62
党,dang3,n,494,10,1567,525,4,10,39,2,3,0,4.11,4.81,6.5,5.75
荡,dang4,v,8,26,97,92,3,9,33,2,4,-1,4.55,4.9,5.38,5
档,dang4,n,4,26,97,50,3,10,3,21,3,1,4.64,4.92,5.74,4.43
刀,dao1,n,38,11,226,224,1,2,36,2,3,0,2.48,6.82,6.84,6.7
叨,dao1,v,6,11,226,15,2,5,16,5,2,1,4.67,4.95,5.97,5.11
导,dao3,v,3,21,1492,476,2,6,42,3,2,0,4.31,3.49,5.9,4.61
岛,dao3,n,104,21,1492,147,2,7,8,2,1,0,4.25,6.89,6.68,6.55
倒,dao3,v,183,21,1492,462,4,10,44,3,4,1,3.98,5.33,6.09,5.61
捣,dao3,v,6,21,1492,15,3,10,6,9,2,1,4.77,5.06,5.77,5.89
蹈,dao3,v,4,21,1492,23,4,17,4,6,1,-1,5.11,4.33,5.29,4.93
到,dao4,v,3187,20,8197,5304,3,8,33,1,3,0,3.05,4.23,6.84,5.09
盗,dao4,v,24,20,8197,60,4,11,10,6,2,0,4.83,5.42,6.38,5.13
道,dao4,v,133,20,8197,4299,3,12,113,2,5,0,3.75,4.28,5.66,3.71
稻,dao4,n,10,20,8197,24,3,15,15,3,1,-1,4,6.68,6.38,6.29
德,de2,n,20,10,4231,722,5,15,13,5,3,0,4.21,3.58,6.29,4.62
灯,deng1,n,71,12,429,164,2,6,49,1,1,-1,2.65,6.84,6.84,6.7
登,deng1,v,80,12,429,180,4,12,20,5,3,0,4.11,5.43,6.66,6.06
蹬,deng1,v,13,12,429,9,6,19,2,4,1,1,5.25,5.51,5.38,5.61
凳,deng4,n,7,12,121,19,5,14,7,4,1,1,3.59,6.92,6.84,6.69
瞪,deng4,v,33,12,121,86,5,17,8,3,1,1,4.74,6.1,6.48,6.27
低,di1,a,185,18,522,352,3,7,37,2,2,0,3.17,5.11,6.53,6.18
堤,di1,n,9,18,522,24,4,12,6,6,1,-1,4.59,6.08,6.71,5.76
敌,di2,n,14,29,834,260,3,10,44,2,3,0,3.63,5.33,6.42,5.74
笛,di2,n,1,29,834,18,2,11,6,6,1,-1,4.5,6.51,6.53,6.45
底,di3,n,120,22,565,395,3,8,41,2,4,0,3.64,5.38,5.9,5.57
抵,di3,v,14,22,565,105,3,8,16,6,3,0,5.28,4.05,5.59,4.09
弟,di4,n,8,51,8790,340,3,7,21,1,2,0,2.63,6.92,6.74,6.13
帝,di4,n,6,51,8790,239,4,9,9,4,1,0,4.28,5.2,6.74,5.94
递,di4,v,41,51,8790,70,4,10,7,3,2,1,4.41,5.43,6.65,5.59
掂,dian1,v,3,19,43,4,4,11,2,20,1,1,5.36,5.46,5.52,5.64
颠,dian1,v,8,19,43,27,5,16,9,5,3,-1,5.09,4.28,5.48,5.18
巅,dian1,n,2,19,43,4,6,19,2,19,1,1,6.09,5.32,4.26,5.64
典,dian3,n,1,11,2143,112,2,8,18,11,3,0,4.11,3.92,4.94,4.14
电,dian4,n,143,29,1467,998,1,5,125,2,3,0,3.08,5.18,6.87,6.42
店,dian4,n,40,29,1467,233,3,8,19,7,2,-1,3.58,6.47,6.97,6.58
垫,dian4,v,6,29,1467,19,3,9,7,3,3,-1,4.91,5.35,5.52,5.54
惦,dian4,v,3,29,1467,6,4,11,3,5,1,1,5.43,4.26,5.84,4.87
殿,dian4,n,28,29,1467,66,5,13,7,7,2,0,5.31,6.25,5.71,5.82
叼,diao1,v,13,23,54,4,2,5,2,4,1,1,4.28,5.78,5.52,6.18
貂,diao1,n,2,23,54,6,3,12,2,5,1,-1,5.59,6.05,5.69,5.12
雕,diao1,v,3,23,54,47,5,16,11,6,3,-1,5.23,5.55,6.39,5.94
钓,diao4,v,2,21,795,23,3,8,5,6,1,-1,4.11,5.83,6.69,6.48
调,diao4,v,76,21,795,501,4,10,75,5,4,-1,4.67,4.45,6.22,5.09
掉,diao4,v,219,21,795,240,4,11,9,2,4,-1,3.65,5.18,6.39,5.23
爹,die1,n,153,3,91,106,3,10,3,11,2,-1,3.38,6.74,6.45,6.52
跌,die1,v,18,3,91,57,4,12,10,8,1,-1,4.46,5.46,6.31,6.03
碟,die2,n,4,45,86,11,3,14,4,7,1,0,4.53,6.49,6.61,6.33
蝶,die2,n,1,45,86,51,3,15,7,6,1,0,3.58,6.58,6.47,6.93
叮,ding1,v,4,13,146,25,2,5,6,6,3,1,3.78,5.61,5.84,5.23
盯,ding1,v,46,13,146,75,2,7,1,3,1,1,3.79,5.68,6.77,6.61
钉,ding1,v,14,13,146,29,2,7,10,3,4,1,3.83,6.31,6.03,6.63
顶,ding3,v,82,8,288,170,3,8,36,2,5,1,3.71,5,5.81,5.93
鼎,ding3,n,2,8,288,26,2,12,7,7,3,0,5.75,6.14,5.13,5.64
订,ding4,v,27,18,1662,85,2,4,16,5,3,1,4.38,4.97,6.47,5.16
定,ding4,v,141,18,1662,1666,3,8,90,1,4,0,3.77,3.1,6.17,4.41
锭,ding4,n,2,18,1662,6,4,13,5,16,2,1,5.58,5,5.13,3.73
丢,diu1,v,89,5,89,82,3,6,9,2,2,0,3.44,5.22,6.35,6.04
东,dong1,n,105,23,1088,1005,1,5,18,2,2,0,2.85,5.1,6.45,4.71
冬,dong1,n,24,23,1088,95,2,5,23,3,2,0,2.79,5.45,6.97,6.52
董,dong3,n,1,7,218,75,2,12,2,6,1,-1,5.08,2.5,5,2.53
懂,dong3,v,152,7,218,149,3,15,5,3,1,1,4.55,4.67,6.71,4.81
动,dong4,v,198,26,3212,1855,3,6,150,2,4,0,2.8,4.08,6.35,5.89
冻,dong4,v,35,26,3212,30,2,7,12,4,3,1,3.71,5.11,6.13,5.86
洞,dong4,n,66,26,3212,125,4,9,28,1,3,-1,3.43,6.66,6.68,6.19
兜,dou1,n,16,8,3243,22,4,11,8,6,3,0,4.69,5.88,6,5.15
斗,dou3,v,33,9,113,283,2,4,38,3,4,0,3.72,4.62,6.37,5.71
抖,dou3,v,23,9,113,79,3,7,18,4,3,1,4.23,5.38,6,5.96
豆,dou4,n,8,23,944,55,3,7,29,2,3,0,3.1,6.72,6.84,6.61
逗,dou4,v,23,23,944,32,4,10,6,2,2,1,3.79,4.85,6.42,5.21
督,du1,v,3,7,48,131,4,13,8,11,1,-1,5.38,3.87,6.1,4.1
毒,du2,a,8,34,324,200,2,9,33,10,3,-1,4,4.92,6.32,4.94
读,du2,v,144,34,324,243,5,10,12,2,2,-1,3.18,5.88,6.9,6.32
犊,du2,n,1,34,324,3,5,12,2,19,1,-1,5.82,5.21,5.47,4.71
堵,du3,v,28,11,329,29,3,11,4,4,2,-1,4.28,5.55,6.31,6.27
赌,du3,v,24,11,329,64,3,12,10,15,1,-1,4.47,5.19,5.97,5.54
睹,du3,v,3,11,329,24,3,13,5,10,1,-1,5.21,5,6.35,6.42
妒,du4,v,3,16,1339,24,2,7,5,8,1,-1,5.19,4.24,5.26,4.79
肚,du4,n,10,16,1339,69,2,7,16,3,3,-1,2.97,6.79,6.55,6.47
渡,du4,v,9,16,1339,66,4,12,11,6,2,1,4.66,5.46,6.06,5.75
镀,du4,v,2,16,1339,4,4,14,5,7,1,1,5.9,5.44,5.59,4.39
端,duan1,v,68,6,177,174,3,14,30,3,3,0,4.39,4.89,4.94,5
短,duan3,a,85,1,207,180,5,12,30,1,3,-1,3.31,4.97,6.84,5.61
断,duan4,v,71,18,830,414,3,11,51,2,3,0,3.8,4.64,6.34,5.7
缎,duan4,n,2,18,830,13,4,12,7,14,1,1,5.29,5.76,5.13,5.81
锻,duan4,v,2,18,830,16,4,14,6,8,1,1,4.85,3.75,5.94,4.53
队,dui4,n,604,22,3737,730,2,4,52,3,1,-1,3.6,5.11,6.27,5.21
兑,dui4,v,2,22,3737,16,3,7,4,15,2,0,5.54,4.05,6.13,4.48
墩,dun1,n,1,17,183,6,5,15,10,6,3,1,5.82,5.25,5.56,4.79
蹲,dun1,v,34,17,183,27,5,19,3,4,2,-1,4.62,6.13,6.19,6.26
炖,dun4,v,13,20,298,3,2,8,2,21,2,-1,4.71,5.93,6.76,6.12
盾,dun4,n,1,20,298,63,3,9,4,15,1,0,4.72,6.42,5.97,6
钝,dun4,a,1,20,298,9,2,9,4,16,2,-1,4.78,4.74,6.03,4.87
遁,dun4,v,1,20,298,8,4,12,2,19,1,1,6.08,3.68,4.41,4.18
多,duo1,a,1537,11,3167,2452,2,6,60,1,4,0,2.5,5.13,6.77,5.32
夺,duo2,v,51,16,152,116,2,6,19,3,3,-1,3.87,5.25,6.79,6.12
踱,duo2,v,5,16,152,15,5,16,2,6,1,-1,5.36,5.33,5.94,5.55
躲,duo3,v,73,17,221,85,3,13,4,1,1,1,3.97,5.33,6.57,6.42
剁,duo4,v,9,22,39,3,3,8,1,17,1,1,5.25,5.86,5.39,6.36
堕,duo4,v,2,22,39,14,4,11,2,16,1,0,5.61,4.32,5.42,4.71
惰,duo4,n,1,22,39,4,4,12,3,16,1,0,5.36,3.68,4.73,5.06
跺,duo4,v,8,22,39,7,4,13,1,9,1,1,5.19,5.54,5.74,6.46
讹,e2,v,1,28,130,3,3,6,2,18,2,-1,6.26,4.05,4.48,3.86
鹅,e2,n,3,28,130,22,3,12,8,1,1,-1,3.18,6.85,6.84,6.7
恶,e4,a,31,73,136,231,2,10,36,5,4,0,4.23,4.41,6.19,4.94
饿,e4,v,55,73,136,48,2,10,4,2,1,-1,3.29,5.11,5.29,5.82
恩,en1,n,17,4,12,216,3,10,8,4,1,0,4.21,3.3,6.39,4.47
摁,en4,v,1,1,0,1,4,13,1,17,1,1,5.41,5.46,4.97,5.23
耳,er3,n,17,18,169,201,1,6,40,2,3,0,2.43,6.92,6.77,6.63
饵,er3,n,1,18,169,5,2,9,6,11,3,1,5.17,5.94,5.1,5.75
发,fa1,v,302,8,2734,2732,3,5,161,2,5,0,3.38,4.48,6.41,5
乏,fa2,a,2,16,161,63,2,4,9,10,2,0,4.33,3.38,5.27,4.86
伐,fa2,v,10,16,161,45,2,6,7,11,2,0,4.78,5.08,5.55,5.57
罚,fa2,v,24,16,161,75,3,9,8,12,1,0,4.51,5.28,6.65,5.97
阀,fa2,n,2,16,161,11,3,9,6,12,3,1,5.44,5.05,5.45,4.93
法,fa3,n,152,5,1356,1676,3,8,110,2,4,0,3.24,3.83,6.39,5.21
帆,fan1,n,5,19,314,29,3,6,8,7,1,1,4.68,6.5,6.16,6.43
幡,fan1,n,3,19,314,3,3,15,3,22,1,1,6,5.38,4.5,3.68
翻,fan1,v,118,19,314,180,4,18,32,2,3,1,4.06,5.64,6.4,6.3
藩,fan1,n,1,19,314,24,4,18,4,15,1,1,6.3,4.03,4.16,2.47
烦,fan2,a,19,35,275,140,3,10,22,3,3,0,4.36,3.81,6.53,5.89
繁,fan2,a,1,35,275,91,4,17,22,6,3,-1,4.83,3.76,6.26,5.21
反,fan3,v,97,5,1264,722,2,4,55,3,3,0,3.55,3.9,5.56,4.65
返,fan3,v,22,5,1264,69,3,7,20,3,1,1,4.19,4.78,6.23,5.43
犯,fan4,v,77,23,616,199,2,5,29,5,4,0,4.67,3.9,5.94,4.94
泛,fan4,v,11,23,616,75,3,7,12,5,3,-1,4.64,4,5.13,4
饭,fan4,n,217,23,616,263,3,7,29,2,2,1,2.6,6.69,6.84,6.89
贩,fan4,v,13,23,616,32,3,8,8,15,2,1,5.74,5.11,5.87,4.96
方,fang1,n,92,15,2032,2035,1,4,87,2,4,0,3.08,4.68,5.84,5.32
芳,fang1,a,1,15,2032,80,2,7,5,12,1,1,3.94,3.73,5.52,3.96
防,fang2,v,44,7,752,239,2,6,48,5,2,1,4.08,4.6,6.66,5.38
妨,fang2,v,2,7,752,37,2,7,5,13,1,1,5.13,3.38,5.84,3.19
房,fang2,n,188,7,752,606,2,8,55,1,3,1,3.03,6.71,6.84,6
仿,fang3,v,3,15,332,115,2,6,9,5,3,1,4.54,4.3,6.39,4.53
访,fang3,v,58,15,332,186,2,6,8,5,2,1,4.23,4.41,6.27,5.43
纺,fang3,v,5,15,332,31,2,7,12,9,2,1,4.46,5.43,5.78,4.91
放,fang4,v,396,1,1210,908,2,8,62,1,4,1,3.25,4.68,6.33,5.75
飞,fei1,v,139,24,1009,528,1,3,58,1,3,0,2.6,5.95,6.84,6.35
妃,fei1,n,1,24,1009,40,2,6,3,15,1,-1,5.45,5.74,6.16,5.26
菲,fei1,a,1,24,1009,85,2,11,1,11,3,1,5.56,2.23,3.5,3
肥,fei2,a,13,6,111,64,2,8,25,2,4,0,3.75,5.08,6.53,6.29
匪,fei3,n,2,13,84,35,2,10,11,11,2,1,4.44,5.68,5.94,6.69
吠,fei4,v,3,27,374,5,2,7,3,15,1,-1,5.5,5.43,4.77,5.61
废,fei4,v,25,27,374,71,4,8,23,7,1,-1,4.41,4.13,5.75,5.09
沸,fei4,v,3,27,374,15,2,8,10,7,1,-1,4.72,4.65,5.38,5.71
肺,fei4,n,13,27,374,20,2,8,15,9,1,0,4.38,6.72,6.77,6.39
分,fen1,v,243,21,2225,1646,2,4,120,3,4,0,2.85,4.87,6.45,4.68
坟,fen2,n,32,34,37,26,2,7,6,13,1,-1,4.08,6.69,6.73,6.55
焚,fen2,v,4,34,37,18,3,12,5,14,1,-1,5.51,5.69,5.61,6.11
粉,fen3,n,5,3,164,82,3,10,43,2,4,1,3.75,6.06,6.41,6.37
愤,fen4,n,1,17,432,84,4,12,22,3,1,0,4.65,4.21,5.34,5.39
粪,fen4,n,38,17,432,11,3,12,10,5,3,-1,4.14,6.27,6.13,6.86
丰,feng1,a,8,47,1413,134,1,4,17,4,2,0,3.45,3.18,6.26,4.68
风,feng1,n,215,47,1413,785,2,4,143,1,4,0,2.73,6.43,6.84,6.62
枫,feng1,n,3,47,1413,35,3,8,5,1,1,1,4.81,6.03,6.03,6
疯,feng1,v,28,47,1413,85,3,9,9,9,1,1,4.4,4.46,5.16,5.9
峰,feng1,n,17,47,1413,101,3,10,17,4,1,0,3.86,6.22,5.94,6.71
蜂,feng1,n,3,47,1413,31,3,13,20,2,1,1,3.82,6.62,6.77,6.76
逢,feng2,v,32,12,235,43,3,10,6,4,2,0,4.77,4.32,5.48,4.82
缝,feng2,n,22,12,235,50,4,13,17,5,2,1,4.38,6.03,5.63,5.35
凤,feng4,n,3,13,38,125,2,4,5,4,1,0,3.97,5.2,5.88,6.33
奉,feng4,v,8,13,38,101,2,8,10,8,4,0,4.74,3.73,5.29,4.43
俸,feng4,n,1,13,38,3,3,10,1,15,1,1,6.1,4.67,4.91,4.13
佛,fo2,n,15,4,0,205,2,7,5,5,1,-1,4.4,5.56,6.47,5.71
夫,fu1,n,4,39,397,772,1,4,34,2,3,0,3.69,5,6.8,5.03
肤,fu1,n,1,39,397,47,2,8,7,12,1,1,3.92,6.33,6.47,6.11
敷,fu1,v,3,39,397,14,3,15,4,9,3,0,5.64,5.19,5.48,5.68
伏,fu2,v,13,98,1314,82,2,6,16,2,4,0,4.54,4.6,5.66,5.24
扶,fu2,v,55,98,1314,98,2,7,10,4,2,1,3.68,5.68,6.72,6.03
拂,fu2,v,6,98,1314,28,2,8,10,5,2,-1,5.33,5.03,6,5.16
服,fu2,v,55,98,1314,606,3,8,42,2,4,0,4.28,4.59,5.38,4.81
浮,fu2,v,12,98,1314,74,3,10,31,1,4,1,4.48,5.21,5.94,5.7
福,fu2,n,17,98,1314,302,4,13,18,2,1,0,4.2,3.62,6.32,4.65
抚,fu3,v,4,27,449,87,3,7,14,2,3,-1,4.53,5.33,6.19,5.74
府,fu3,n,16,27,449,447,3,8,15,7,3,1,4.88,5.71,6.28,5.35
俯,fu3,v,3,27,449,30,4,10,8,5,1,1,4.85,5.43,5.75,5.56
辅,fu3,v,3,27,449,29,2,11,4,7,1,1,5,4.31,6,4.13
腐,fu3,a,2,27,449,52,4,14,17,6,1,1,4.82,4.3,5.94,5.35
父,fu4,n,21,60,1961,460,1,4,18,2,3,0,2.62,6.77,6.93,6.85
付,fu4,v,37,60,1961,177,2,5,12,6,2,0,4.33,4.69,6.5,4.87
妇,fu4,n,3,60,1961,247,2,6,24,2,3,0,3.86,6.08,6.52,5.71
负,fu4,v,53,60,1961,270,2,6,28,4,5,0,4.5,4.03,5.41,3.84
附,fu4,v,3,60,1961,121,3,7,28,2,2,1,4.94,4.03,5.58,4.5
赴,fu4,v,45,60,1961,59,3,9,5,10,1,-1,5.35,4.62,6.28,4.61
副,fu4,a,515,60,1961,311,4,11,16,5,3,0,4.53,3.44,6.22,3.65
傅,fu4,n,2,60,1961,76,3,12,1,14,3,1,5.1,4.46,5.25,3.68
富,fu4,a,95,60,1961,263,4,12,23,5,2,0,4.03,4.38,6.69,6.52
赋,fu4,n,4,60,1961,30,4,12,6,13,3,-1,5.65,4.74,5.84,3.94
缚,fu4,v,1,60,1961,18,3,13,2,16,1,1,5.46,5.35,5.87,5.41
腹,fu4,n,20,60,1961,50,4,13,17,5,1,1,4.38,6.46,6.58,6.3
覆,fu4,v,3,60,1961,44,5,18,8,5,3,1,5.44,4.43,5.39,5.07
嘎,ga2,n,1,6,0,14,4,14,10,12,3,0,5.64,3.41,3.63,2.84
该,gai1,v,312,18,593,697,4,8,6,2,4,-1,3.69,2.35,5.44,3.56
改,gai3,v,143,4,639,602,2,7,37,4,3,-1,3.54,4.95,6.84,5.56
钙,gai4,n,1,18,372,3,2,9,5,15,1,1,5.51,5.1,6.67,5.41
盖,gai4,v,83,18,372,134,2,11,18,2,4,-1,3.77,5.6,6.57,5.76
干,gan1,v,583,27,1338,719,1,3,81,2,5,0,2.9,4.23,5.66,5.06
杆,gan1,n,13,27,1338,36,2,7,27,4,3,1,3.9,6.77,6.48,5.97
肝,gan1,n,11,27,1338,22,2,7,11,7,1,1,4.28,6.46,6.23,6.48
秆,gan3,n,3,17,1292,2,2,8,6,5,1,1,5.34,5.58,3.9,4.89
赶,gan3,v,192,17,1292,245,3,10,20,2,3,1,3.78,4.78,6.83,5.88
敢,gan3,v,276,17,1292,335,3,11,10,2,2,0,3.59,3.35,5.97,4.65
擀,gan3,v,1,17,1292,1,6,16,2,13,1,0,5.95,5.25,5.28,5.06
冈,gang1,n,1,26,932,27,2,4,2,6,1,0,4.38,4.69,5.06,4.18
岗,gang1,n,19,26,932,69,3,7,9,8,3,1,4.56,5.22,5.68,5.78
纲,gang1,n,8,26,932,30,3,7,8,6,2,1,4.72,4.11,5.29,4.14
缸,gang1,n,13,26,932,15,2,9,4,2,1,-1,4,6.63,5.87,6.68
钢,gang1,n,26,26,932,98,3,9,26,3,2,1,4.2,6.58,6.71,6.23
港,gang3,n,48,2,86,237,4,12,8,5,3,-1,4.85,6.08,6.34,5.68
杠,gang4,n,17,6,10,10,2,7,8,9,1,-1,4.56,6.34,5.88,6.21
高,gao1,a,941,22,1841,1520,4,10,87,1,2,0,2.81,5.08,6.8,6.76
膏,gao1,n,6,22,1841,14,5,14,10,13,4,0,4.42,6.14,6.17,6.18
糕,gao1,n,1,22,1841,27,3,16,9,4,1,1,3.97,6.37,5.81,6.7
搞,gao3,v,492,17,312,165,5,13,2,6,1,1,4.66,3.76,6.17,4.79
稿,gao3,n,42,17,312,59,5,15,17,5,2,1,5.2,6.19,6.52,5
镐,gao3,n,5,17,312,3,5,15,1,18,2,1,6.31,4.55,4.34,4.25
告,gao4,v,63,14,609,691,2,7,46,2,3,0,3.44,4.86,6.63,5.32
戈,ge1,n,1,27,831,51,1,4,3,8,1,0,5.28,4.46,4.65,4.25
疙,ge1,n,1,27,831,7,3,8,5,4,0,-1,5.57,4.95,4.2,5.54
哥,ge1,n,98,27,831,385,4,10,15,1,2,0,2.64,6.3,6.77,6.86
鸽,ge1,n,3,27,831,13,5,11,2,13,1,-1,3.95,6.69,6.87,6.24
割,ge1,v,20,27,831,48,4,12,12,2,1,-1,4.26,5.9,6.5,6.2
搁,ge1,v,94,27,831,27,4,12,4,6,2,1,4.69,4.92,5.8,5.75
歌,ge1,n,58,27,831,192,6,14,26,1,2,1,3.23,6.59,7,6.73
阁,ge2,n,4,39,1581,72,3,9,11,7,1,1,5.11,5.4,5.84,5.24
革,ge2,v,5,39,1581,401,1,9,18,3,3,0,4.72,2.58,5.69,3.35
格,ge2,n,4,39,1581,567,3,10,40,4,4,1,3.92,5.2,6.48,5.56
隔,ge2,v,43,39,1581,94,5,12,17,3,2,0,4.55,4.38,6.41,5.13
嗝,ge2,n,1,39,1581,2,5,13,2,15,1,0,5.11,5.27,4.26,5.46
耕,geng1,v,6,19,880,50,2,10,14,9,1,-1,4.64,5.68,6.33,5.79
梗,geng3,v,1,13,41,8,2,11,8,12,3,1,5.82,4.33,3.38,3.09
工,gong1,n,55,29,4687,1658,1,3,165,1,4,0,2.61,4.46,6.7,4.75
弓,gong1,n,3,29,4687,28,1,3,6,5,3,0,3.58,6.78,6.33,6.06
公,gong1,a,17,29,4687,1679,2,4,94,1,5,0,2.89,3.86,6.06,4.79
功,gong1,n,66,29,4687,467,2,5,36,2,3,1,3.83,3.78,5.97,4.29
攻,gong1,v,31,29,4687,222,2,7,29,6,2,1,4.26,4.38,6.37,5.54
供,gong1,v,156,29,4687,247,3,8,21,6,3,1,4.42,4.63,6.42,5.06
宫,gong1,n,11,29,4687,214,3,9,18,3,4,0,4.23,5.53,6.53,5.91
恭,gong1,a,1,29,4687,62,3,10,13,5,1,0,4.86,3.41,4.71,4.36
躬,gong1,v,2,29,4687,22,2,10,3,5,2,1,5.31,5.08,5.19,5.39
汞,gong3,n,1,10,142,1,2,7,2,15,1,1,6.74,5.97,5.75,4.52
拱,gong3,v,3,10,142,21,3,9,17,3,4,1,4.54,4.79,6.39,4.94
贡,gong4,v,2,7,799,65,2,7,2,6,2,1,4.79,3.83,5.71,3.82
勾,gou1,v,9,15,168,63,2,4,14,11,4,0,3.85,4.93,6.25,5.71
沟,gou1,n,23,15,168,54,3,7,16,2,2,1,3.85,6.61,6.52,6
钩,gou1,n,3,15,168,23,3,9,10,4,4,1,4,6.29,6.03,6.03
狗,gou3,n,117,11,143,116,3,8,19,1,1,-1,2.83,6.83,6.97,7
构,gou4,v,2,23,791,216,3,8,9,9,3,1,4.49,3.89,5.68,3.79
购,gou4,v,42,23,791,114,3,8,15,11,1,1,4.73,5.36,6.59,5.19
够,gou4,v,161,23,791,307,4,11,9,4,2,-1,4.17,3.7,5.17,4.71
估,gu1,v,1,32,771,58,3,7,6,8,2,1,4.49,3.97,6.06,4.18
咕,gu1,n,2,32,771,33,3,8,24,2,1,1,5.16,3.4,3.97,2.5
姑,gu1,n,1,32,771,263,3,8,19,3,3,1,3.11,6.03,6.45,6.85
孤,gu1,a,4,32,771,106,2,8,22,4,3,-1,4.56,4.59,6.13,5.04
沽,gu1,v,1,32,771,4,3,8,2,22,2,1,5.72,3.5,4.52,3.54
菇,gu1,n,8,32,771,6,4,11,3,5,1,1,4.49,5.83,5.74,5.53
箍,gu1,n,1,32,771,4,4,14,2,16,2,0,5.74,5.15,4.44,4.62
古,gu3,a,74,46,642,366,2,5,43,2,1,0,3.1,3.85,6.65,4.65
谷,gu3,n,10,46,642,117,3,7,26,4,4,0,3.55,6.46,6.58,5.77
骨,gu3,n,39,46,642,147,2,9,77,1,3,0,3.4,6.76,6.66,6.26
鼓,gu3,v,15,46,642,135,5,13,39,3,3,0,4.25,5.18,5.77,5.42
固,gu4,a,1,22,696,126,3,8,21,6,3,1,3.94,4.64,5.42,5.43
顾,gu4,v,47,22,696,272,4,10,29,2,3,0,4.92,3.75,5.94,4.21
雇,gu4,v,17,22,696,30,3,12,7,9,3,0,5.18,5.05,6.47,4.87
瓜,gua1,n,15,16,194,58,1,5,21,2,1,0,2.9,6.67,6.9,6.64
刮,gua1,v,41,16,194,27,3,8,5,5,2,-1,4.38,5.92,6.22,6
剐,gua3,v,1,7,24,2,3,9,1,14,2,-1,6.03,4.74,5.16,4.71
寡,gua3,n,5,7,24,31,5,14,8,12,2,0,5.74,4.57,4.52,4.93
卦,gua4,n,28,10,193,15,3,8,4,10,1,0,5.46,4.65,5.65,4.74
挂,gua4,v,122,10,193,132,3,9,17,2,3,-1,3.64,5.74,6.39,6.06
褂,gua4,n,2,10,193,7,4,13,8,4,1,1,5.22,6.42,5.42,6.3
乖,guai1,a,4,1,16,49,3,8,5,5,2,0,3.06,4.14,6.23,5.41
拐,guai3,v,14,4,29,36,3,8,11,5,3,-1,4.74,5.1,5.81,6.15
怪,guai4,a,64,4,257,341,3,8,30,1,3,-1,3.81,3.35,6.16,4.68
关,guan1,v,73,20,1867,1237,2,6,46,1,4,0,3,6.21,6.63,6.29
官,guan1,n,92,20,1867,441,2,8,51,4,3,0,3.69,5.19,6.57,6.3
冠,guan1,n,10,20,1867,80,4,9,15,3,3,-1,4.53,5.97,5.94,4.77
棺,guan1,n,4,20,1867,23,3,12,5,10,1,1,5,6.42,5.55,6.42
馆,guan3,n,115,11,774,293,3,11,19,3,4,1,4.44,5.84,6.1,6.19
管,guan3,v,259,11,774,750,3,14,74,5,4,1,3.95,4.15,6,4.71
惯,guan4,v,35,31,293,105,3,11,11,5,2,1,4.42,3.59,5.26,3.96
掼,guan4,v,1,31,293,1,3,11,1,17,1,1,5.74,3.06,3.26,2.93
灌,guan4,v,20,31,293,36,6,20,11,4,1,0,4.75,5.08,5.84,6.32
罐,guan4,n,13,31,293,24,6,23,11,6,1,0,4.97,6.47,5.77,6.59
光,guang1,n,94,21,1056,867,2,6,121,2,4,0,2.75,6.31,6.87,6.61
广,guang3,a,43,6,369,454,1,3,27,2,4,0,2.98,4.26,6.53,5.16
逛,guang4,v,28,4,12,22,3,10,2,13,1,-1,5.06,5.24,6.7,6.56
归,gui1,v,70,41,654,169,2,5,39,5,4,0,3.57,4.84,6.35,5.36
龟,gui1,n,5,41,654,18,2,7,5,4,3,0,3.59,6.68,6.52,6.64
轨,gui3,n,5,25,166,39,2,6,11,6,2,-1,4.82,6.18,6.39,6
鬼,gui3,n,89,25,166,176,1,9,27,5,4,0,3.68,3.97,6.52,4.94
柜,gui4,n,14,29,228,54,2,8,11,8,2,-1,3.81,6.43,6.53,6.59
贵,gui4,a,34,29,228,232,3,9,23,2,3,-1,3.85,4.59,6.75,5.55
跪,gui4,v,58,29,228,49,5,13,3,3,1,-1,4.4,6.49,6.47,6.6
滚,gun3,v,39,18,121,93,5,13,19,2,3,1,4.06,5.03,5.97,6.63
棍,gun4,n,13,6,51,29,4,12,9,5,2,-1,3.85,6.58,6.61,6.7
锅,guo1,n,43,20,90,42,3,12,16,5,2,-1,3.86,6.72,6.26,6.74
国,guo2,n,1819,18,3663,4177,2,8,82,1,2,-1,3.19,4.62,6.83,6.3
果,guo3,n,21,16,982,993,1,8,43,1,3,0,3.05,6.26,6.65,5.81
裹,guo3,v,13,16,982,28,3,14,9,7,1,1,4.84,5.78,6.29,5.71
孩,hai2,n,18,2,697,541,4,9,12,2,1,1,3.03,5.97,6.68,6.56
海,hai3,n,139,6,604,904,3,10,84,2,4,-1,3.23,6.92,6.87,6.64
骇,hai4,v,1,10,438,27,5,9,4,13,1,1,5.77,2.93,4.28,3.09
害,hai4,v,43,10,438,344,3,10,50,2,4,0,3.8,4.3,5.84,5.3
酣,han1,a,1,12,17,7,2,12,4,13,1,-1,6,3.15,4.63,4.19
憨,han1,a,3,12,17,6,4,15,7,15,1,-1,5.87,4.73,5.91,5.48
含,han2,v,69,26,333,128,4,7,13,7,3,0,3.78,4.31,6.45,4.84
函,han2,n,6,26,333,19,3,8,8,14,2,0,5.53,4.27,5.06,3.82
寒,han2,a,15,26,333,171,4,12,38,3,2,0,3.82,5.23,6.77,5.94
喊,han3,v,153,7,269,148,4,12,10,1,1,-1,3.53,5.97,6.84,6.63
汉,han4,n,10,45,351,280,2,5,26,3,3,-1,3.49,4.43,6.5,5.12
汗,han4,n,39,45,351,91,2,6,15,2,2,-1,3.25,6.53,6.66,6.67
旱,han4,a,6,45,351,21,2,7,15,5,2,-1,4.26,5.05,6.53,6.33
焊,han4,v,1,45,351,5,3,11,10,19,1,1,5.63,5.87,6.13,4.87
憾,han4,n,1,45,351,32,5,16,4,14,1,-1,5.53,3.38,5.03,4.29
航,hang2,v,3,15,114,121,3,10,26,5,1,-1,4.47,4.7,5.81,5.54
豪,hao2,a,1,18,177,104,4,14,14,9,3,0,4.71,3.78,5.58,4
好,hao3,a,2724,2,3593,2983,2,6,97,1,4,0,2.62,3.55,6.71,6.42
耗,hao4,v,12,29,413,39,2,10,11,8,3,-1,5.36,4.19,5.55,4.71
喝,he1,v,292,8,281,272,5,12,9,2,2,0,3.03,5.98,6.84,6.64
禾,he2,n,1,63,7554,7,1,5,4,1,2,0,3.13,6.31,6.83,5.53
合,he2,v,40,63,7554,981,3,6,96,5,4,0,3.68,4.51,6.03,4.03
河,he2,n,125,63,7554,337,3,8,40,1,2,-1,2.92,6.68,6.87,6.68
核,he2,n,58,63,7554,105,4,10,24,10,3,-1,4.49,5.4,6.27,5.38
荷,he2,v,1,63,7554,69,4,10,18,2,3,-1,4.28,3.78,3.81,4.03
盒,he2,n,18,63,7554,48,4,11,5,3,1,1,3.51,6.3,6.87,6.48
褐,he4,a,3,27,43,10,5,14,13,5,2,0,5.06,4.7,5.42,5.81
鹤,he4,n,28,27,43,30,5,15,4,6,1,0,4.33,6.67,6.35,6.38
壑,he4,n,2,27,43,4,8,17,4,15,1,0,6.44,5.76,4.55,5.75
黑,hei1,a,138,4,464,500,1,12,79,2,3,0,3.05,6.21,7,6.76
痕,hen2,n,4,3,35,52,2,11,9,7,1,0,4.67,4.98,6.13,4.85
狠,hen3,a,23,4,2101,101,2,9,12,5,3,0,4.38,4.66,6.63,5.29
恨,hen4,v,47,1,83,149,2,9,16,7,2,0,4.29,4.33,6.57,5.71
横,heng2,v,11,15,198,101,4,15,36,6,5,-1,3.72,4.86,5.31,5.37
轰,hong1,v,24,17,121,67,3,8,16,6,3,0,4.68,4.55,6.16,5.76
哄,hong1,v,34,17,121,30,3,9,18,3,3,-1,4.23,4.97,6.3,6.29
红,hong2,a,209,52,681,589,2,6,117,1,3,-1,2.5,5.76,6.9,6.32
宏,hong2,a,1,52,681,77,3,7,7,9,1,0,5,3.16,5.16,3.71
虹,hong2,n,2,52,681,42,2,9,6,4,1,-1,4.23,6.22,5.68,6.48
侯,hou2,n,1,16,94,63,4,9,2,13,2,1,5,4.42,4.77,4.19
猴,hou2,n,7,16,94,24,5,12,9,1,1,1,3.44,6.73,6.63,6.96
吼,hou3,v,12,3,41,50,3,7,7,5,1,0,4.58,5.89,6.22,6.29
后,hou4,n,1286,15,3979,2866,3,6,100,1,3,0,2.85,4.97,6.03,5.06
厚,hou4,a,28,15,3979,122,3,9,26,2,4,0,3.53,5.57,6.03,6.14
呼,hu1,v,9,28,933,281,2,8,45,2,3,1,3.95,5.45,6.55,5.91
弧,hu2,n,1,43,492,7,2,8,7,13,2,-1,4.97,4.9,6.25,5.44
壶,hu2,n,47,43,492,23,3,10,5,7,1,0,3.7,6.61,6.63,6.29
湖,hu2,n,75,43,492,201,4,12,13,2,1,1,3.58,6.81,7,6.58
糊,hu2,v,33,43,492,92,4,15,18,6,4,1,4.82,3.93,5.59,4.85
虎,hu3,n,76,12,146,129,2,8,34,2,2,0,3.18,6.95,6.84,6.83
唬,hu3,v,5,12,146,10,3,11,1,10,2,1,5.06,4.19,4.68,4.75
护,hu4,v,15,43,626,335,2,7,29,5,1,1,3.92,4.69,6.7,5.1
花,hua1,v,166,10,918,714,3,7,184,1,4,1,2.59,5.28,5.22,5.45
华,hua2,n,3,19,137,633,3,6,18,2,4,1,3.33,3,5.75,3.71
滑,hua2,v,13,19,137,84,3,12,30,2,3,-1,4,5.55,6.13,6.44
划,hua4,v,52,25,3398,299,2,6,24,5,4,0,3.87,5.63,6.55,6.24
画,hua4,v,117,25,3398,258,3,8,47,1,4,0,3.18,6.13,6.88,6.42
话,hua4,n,668,25,3398,1588,3,8,75,1,2,-1,3,5.4,6.94,5.94
怀,huai2,v,28,13,198,332,2,7,25,2,3,-1,3.92,4.1,5.75,4.18
徊,huai2,v,1,13,198,10,3,9,1,14,0,-1,5.97,3.86,4.52,4.04
槐,huai2,n,2,13,198,10,2,13,4,5,1,-1,4.81,6.03,6.16,5.15
坏,huai4,a,120,5,350,189,2,7,13,2,4,-1,3.28,4.43,6.67,6.11
欢,huan1,a,6,14,313,430,3,6,29,1,2,-1,3.56,3.62,6.34,5.36
环,huan2,n,8,35,3551,274,2,8,27,4,2,-1,3.81,6.17,6.17,6.26
缓,huan3,v,9,5,104,187,5,12,20,5,3,0,4.97,4.05,4.84,3.96
幻,huan4,n,1,35,379,74,2,4,11,9,2,0,4.82,2.65,5.5,4.15
宦,huan4,n,4,35,379,9,2,9,2,17,1,-1,6.17,4.57,5,4.71
唤,huan4,v,13,35,379,68,4,10,11,1,1,1,4.35,5.15,6.5,5.58
换,huan4,v,183,35,379,213,4,10,23,5,2,0,4,5.33,6.77,5.67
患,huan4,v,53,35,379,70,2,11,10,9,3,-1,4.87,4.59,6.34,4.48
荒,huang1,a,7,7,186,93,3,9,28,6,3,0,4.36,4.11,5.52,5.93
慌,huang1,a,14,7,186,79,4,12,15,2,3,1,4.23,4.72,6.65,5.87
皇,huang2,n,2,44,461,276,2,9,18,6,3,0,3.92,4.2,6,4.85
黄,huang2,a,48,44,461,391,3,11,86,1,3,0,2.83,5.44,6.26,6
惶,huang2,a,1,44,461,31,3,12,10,13,1,1,5.75,3.81,5.13,4.57
晃,huang3,v,19,17,31,65,3,10,13,3,3,-1,4.46,5.08,6.39,5.56
谎,huang3,n,1,17,31,34,4,11,6,3,1,1,3.95,4.6,6.56,5.71
灰,hui1,a,13,39,509,95,2,6,53,2,3,0,3.2,4.9,6.47,5.6
挥,hui1,v,26,39,509,247,3,9,11,3,2,-1,4.4,5.56,6.23,6.11
辉,hui1,n,1,39,509,76,4,12,10,6,1,-1,4.63,4.18,5.56,4.32
回,hui2,v,658,18,1719,1772,2,6,66,2,4,0,3.13,4.55,6.61,5.18
悔,hui3,v,2,6,113,65,3,10,13,6,1,-1,4.67,4.33,6.32,5.32
汇,hui4,n,25,86,4083,100,2,5,14,5,3,0,4.69,3.33,5.31,3.71
会,hui4,v,1565,86,4083,4031,3,6,116,1,5,0,2.97,3.41,5.74,4.29
绘,hui4,v,3,86,4083,38,4,9,12,3,1,1,4.08,5.8,6.74,6.09
贿,hui4,n,1,86,4083,16,3,10,3,18,2,-1,5.82,4.03,5,4.67
惠,hui4,a,2,86,4083,73,2,12,5,15,1,0,5.46,3.74,5.78,3.81
毁,hui3,v,25,86,113,81,4,13,14,6,3,0,4.83,4.84,6.17,5.96
昏,hun1,v,10,14,158,92,2,8,19,9,3,0,4.13,4.68,5.38,5.06
荤,hun1,a,2,14,158,3,3,9,2,17,2,-1,5.72,4.76,5.45,5.61
婚,hun1,n,33,14,158,256,3,11,16,15,1,1,4.36,5.2,6.65,5.38
浑,hun2,a,5,9,242,58,3,9,9,4,3,-1,4.56,4.25,5.66,5.12
魂,hun2,n,13,9,242,103,3,13,11,8,1,-1,4.9,4.03,6.31,4.81
混,hun4,v,25,11,1,126,4,11,26,8,3,-1,4.28,4.05,6.13,5
豁,huo1,v,5,8,34,12,6,17,10,13,3,-1,5.53,3.78,4.94,3.61
活,huo2,v,184,4,1091,919,3,9,69,2,3,-1,3.3,4.26,6.34,4.94
火,huo3,n,174,7,996,510,1,4,127,2,4,0,2.5,6.87,6.93,6.82
货,huo4,n,83,44,1015,177,3,8,30,6,3,-1,4.26,5.88,6.77,5.94
获,huo4,v,58,44,1015,240,3,10,18,4,2,-1,4.36,4.22,6.4,4.93
祸,huo4,n,13,44,1015,50,3,11,14,4,2,-1,4.49,4.35,6.53,5.56
惑,huo4,a,1,44,1015,78,4,12,7,3,2,1,5.19,3.43,5,4.68
击,ji1,v,28,96,4459,346,2,5,51,6,3,0,3.94,5.19,6.19,5.89
饥,ji1,a,5,96,4459,25,2,5,12,7,2,1,4.44,5.3,6.48,6.3
肌,ji1,n,1,96,4459,35,2,6,9,5,1,1,4.46,6.39,6.06,5.35
鸡,ji1,n,82,96,4459,99,3,7,21,1,1,-1,2.67,6.9,6.81,6.63
迹,ji4,n,8,96,3845,126,3,9,28,3,1,-1,4.72,4.88,6.13,4.76
姬,ji1,n,1,96,4459,31,2,10,2,19,2,0,6.46,3.83,4,4.36
积,ji1,v,12,96,4459,237,3,10,35,3,2,-1,4.33,3.81,5.29,4.46
基,ji1,n,2,96,4459,542,3,11,46,5,3,0,4.15,3.92,5.9,4.24
绩,ji1,n,2,96,4459,82,3,11,7,5,2,-1,4.33,3.78,5.39,4.61
稽,ji1,n,1,96,4459,18,5,15,2,13,3,0,5.97,2.75,4.03,3.06
激,ji1,v,4,96,4459,260,4,16,33,3,2,0,4.67,3.43,5.69,4.18
羁,ji1,v,1,96,4459,6,4,17,1,22,2,0,6.31,3.18,4.5,3.44
吉,ji2,a,4,77,3451,188,2,6,10,11,1,0,3.85,3.54,6.32,3.81
即,ji2,v,106,77,3451,562,2,7,23,6,3,0,4.53,1.9,4.22,2.82
急,ji2,a,142,77,3451,381,3,9,58,1,3,0,3.51,4.86,6.37,5.96
疾,ji2,n,9,77,3451,91,3,10,22,5,3,-1,4.83,4.7,5.26,4.25
集,ji2,v,23,77,3451,456,3,12,46,5,3,0,4.25,4.03,6.3,4.71
嫉,ji2,v,1,77,3451,18,4,13,2,8,1,1,5.55,4.1,6.48,4.39
辑,ji2,v,1,77,3451,53,3,13,5,14,2,0,5.43,3.7,4.61,3.79
籍,ji2,n,22,77,3451,50,4,20,13,6,2,0,5.36,3.7,5.44,4.29
挤,ji3,v,79,20,3132,69,3,9,12,3,3,-1,3.67,5.43,6.13,6.52
脊,ji3,n,1,20,3132,20,3,10,13,11,2,0,5.2,6.08,5.94,5.42
计,ji4,v,34,107,3845,606,2,4,41,2,3,-1,3.92,4.3,6.59,4.71
记,ji4,v,188,107,3845,809,2,5,36,2,3,1,3.49,5.05,6.75,5.85
纪,ji4,n,4,107,3845,326,2,6,19,3,3,1,4.4,3.16,4.9,3.39
忌,ji4,n,1,107,3845,57,2,7,7,10,3,1,5.33,3.82,4.84,3.39
技,ji4,n,5,107,3845,440,3,7,14,3,1,-1,4.44,4.05,6.52,4.55
济,ji4,n,1,107,3845,668,3,9,12,5,3,-1,4.89,2.8,4.23,2.71
寄,ji4,v,43,107,3845,64,4,11,13,6,3,-1,4.53,5.48,6.5,5.56
祭,ji4,v,9,107,3845,29,3,11,8,12,2,0,5.31,4.73,5.29,5.14
加,jia1,v,137,37,4206,1120,2,5,46,1,3,0,2.83,4.86,6.45,5.71
夹,jia1,v,48,37,4206,59,2,6,22,6,4,0,3.17,5.49,6.33,6.39
佳,jia1,a,19,37,4206,103,3,8,7,8,1,0,4.4,3.42,5.77,4.36
家,jia1,n,1195,37,4206,2896,2,10,110,1,4,0,2.65,5.56,7,6.8
嘉,jia1,n,1,37,4206,64,5,14,1,11,2,1,5.42,3.38,4.32,3.07
颊,jia2,n,2,23,1,42,4,12,2,2,1,1,5.15,6.62,5.84,5.58
价,jia4,n,90,10,627,378,3,6,42,6,3,-1,3.91,4.86,6.42,5
驾,jia4,n,13,10,627,67,4,8,13,5,3,1,4.5,4.64,5.03,4.35
架,jia4,n,25,10,627,159,3,9,32,2,3,1,4.05,5.84,6.16,5.1
假,jia4,a,68,10,627,258,4,11,33,2,3,0,3.69,4.38,6.39,5.54
嫁,jia4,v,64,10,627,78,3,13,5,7,2,1,4.72,5.05,6.13,5.96
奸,jian1,v,3,81,2260,45,2,6,11,13,3,-1,5.56,4.3,5.41,5.18
尖,jian1,n,5,81,2260,112,2,6,22,1,3,0,3.24,5.58,5.75,5.94
坚,jian1,a,8,81,2260,273,3,7,20,4,1,0,4.08,4.45,6.25,5.47
歼,jian1,v,1,81,2260,14,2,7,9,11,1,-1,5.53,4.51,5.58,5
间,jian1,n,182,81,2260,1370,2,7,62,2,4,0,3.67,4.27,4.9,3.75
肩,jian1,n,33,81,2260,136,2,8,11,2,2,0,3.53,6.75,6.43,6.67
兼,jian1,v,33,81,2260,74,2,10,6,7,2,0,5.26,3.05,4.75,3.29
监,jian1,n,1,81,2260,169,3,10,22,2,3,0,4.83,4.74,5.03,4.13
煎,jian1,v,15,81,2260,11,4,13,2,15,2,-1,4.56,5.76,6.23,6.04
拣,jian3,v,16,62,811,11,2,8,2,5,2,0,4.09,5.94,6,6.14
俭,jian3,a,1,62,811,12,5,9,3,2,1,0,4.55,4.08,6.59,4.68
捡,jian3,v,24,62,811,20,5,10,3,3,1,0,3.73,6.08,6.66,6.06
减,jian3,v,36,62,811,123,4,11,21,6,2,-1,3.44,4.84,6.7,5.21
剪,jian3,v,13,62,811,36,4,11,9,5,3,-1,3.78,5.73,6.67,6.5
检,jian3,v,5,62,811,173,5,11,18,5,1,0,4.58,4.82,6.56,4.16
简,jian3,a,2,62,811,237,3,13,29,3,3,1,3.97,4,6.61,4.59
碱,jian3,n,3,62,811,7,4,14,11,15,3,-1,5.74,6.05,6.1,5.5
见,jian4,v,779,80,4329,1737,1,4,88,1,5,0,2.68,5.89,6.97,5.94
建,jian4,v,283,80,4329,945,2,8,27,4,1,0,4.22,4.61,6.17,4.82
剑,jian4,n,16,80,4329,316,5,9,11,4,1,0,4.05,6.73,6.81,6.76
荐,jian4,v,4,80,4329,22,4,9,3,11,2,-1,5.7,4.33,6.03,4.13
贱,jian4,a,8,80,4329,22,2,9,6,12,3,0,5.31,3.68,6.22,6
健,jian4,v,3,80,4329,170,3,10,19,4,2,1,4.55,3.82,4.72,3.97
舰,jian4,n,7,80,4329,70,2,10,11,5,1,1,5.18,6.5,5.77,5.42
溅,jian4,v,7,80,4329,13,3,12,4,5,2,1,5.03,5.59,6.34,5.77
践,jian4,v,1,80,4329,53,3,12,3,13,2,0,5.51,3.81,4.9,3.89
鉴,jian4,v,3,80,4329,50,3,13,9,13,3,-1,5.14,4.03,5.77,4.57
键,jian4,n,9,80,4329,58,3,13,3,2,3,1,4.89,5.97,5.52,5.43
箭,jian4,n,8,80,4329,63,4,15,13,5,1,-1,4.22,6.86,5.97,6.59
江,jiang1,n,72,27,977,533,2,6,8,1,2,-1,3.08,6.55,6.81,6.43
姜,jiang1,n,9,27,977,33,2,9,2,18,1,0,4.08,5.4,5.97,5.38
浆,jiang1,n,2,27,977,16,3,10,20,7,3,1,4.78,5.87,6,5.1
僵,jiang1,v,7,27,977,35,6,15,5,4,2,0,5.33,4.18,4.59,4.59
缰,jiang1,n,3,27,977,6,6,16,3,20,1,0,5.56,5.83,5.13,5.57
讲,jiang3,v,448,15,641,372,2,6,34,2,3,-1,3.23,5.97,6.9,6.5
奖,jiang3,n,95,15,641,148,3,9,13,5,3,1,3.44,5.3,6.42,6.19
降,jiang4,v,53,24,283,158,3,8,23,3,3,0,4.11,5.03,6,5.82
酱,jiang4,n,11,24,283,12,3,13,8,3,3,-1,4.47,6.06,5.27,6.48
交,jiao1,v,153,42,713,685,3,6,85,3,4,0,3.55,4,6.31,4.45
郊,jiao1,n,3,42,713,34,4,8,10,4,1,1,4.88,5.08,6.2,5.29
娇,jiao1,n,2,42,713,75,4,9,12,7,2,-1,4.68,3.46,5.22,4.06
浇,jiao1,v,27,42,713,13,3,9,6,2,3,-1,3.86,5.57,6.16,6.25
骄,jiao1,a,1,42,713,35,5,9,7,4,2,-1,4.28,3.6,6.13,5.03
胶,jiao1,n,3,42,713,29,4,10,19,5,3,1,4.47,5.86,5.29,5.36
焦,jiao1,v,5,42,713,72,3,12,18,5,3,0,4.95,4.26,4.63,3.97
跤,jiao1,n,4,42,713,6,5,13,2,4,1,1,4.65,5.03,5.31,4.32
礁,jiao1,n,35,42,713,7,4,17,8,6,1,1,5.8,5.81,5.13,6
角,jiao3,n,81,54,802,262,3,7,57,2,5,0,3.33,5.7,6.3,6.41
狡,jiao3,a,1,54,802,18,4,9,2,4,1,1,5.03,3.76,4.9,4.86
绞,jiao3,v,3,54,802,15,4,9,10,11,3,1,5.43,4.69,5.41,4.45
脚,jiao3,n,148,54,802,310,4,11,64,2,3,-1,2.83,6.64,6.73,7
搅,jiao3,v,11,54,802,18,4,12,9,6,2,-1,4.59,5.45,6.68,6.39
缴,jiao3,v,10,54,802,27,4,16,7,13,3,0,5.47,4.7,6.19,5.15
叫,jiao4,v,849,32,2648,785,2,5,36,1,4,0,3.05,5.74,6.78,6.42
轿,jiao4,n,13,32,2648,44,4,10,6,6,1,-1,4.59,5.43,5.97,4.97
教,jiao4,v,81,32,2648,847,3,11,55,2,3,-1,3.75,4.5,6.63,5.86
窖,jiao4,n,1,32,2648,8,4,12,3,8,2,-1,5.31,5.92,4.77,5.82
阶,jie1,n,1,26,2101,151,3,6,141,6,1,1,4.45,4.67,6.16,5.1
接,jie1,v,266,26,2101,849,3,11,45,2,4,-1,3.86,4.32,6.5,5.82
秸,jie1,n,1,26,2101,3,3,11,6,17,1,-1,5.13,6.71,4.91,5.1
揭,jie1,v,20,26,2101,48,5,12,11,5,3,0,5.03,5.08,6.38,6.17
街,jie1,n,120,26,2101,205,5,12,15,3,1,0,3.6,6.79,6.75,5.97
节,jie2,n,35,69,1448,348,2,5,56,2,5,0,3.49,4.15,5.87,4.53
劫,jie2,v,4,69,1448,48,3,7,8,11,3,-1,5.18,5.05,6.31,5.61
杰,jie2,n,3,69,1448,164,2,8,3,8,2,0,4.5,3.55,5.31,3.87
洁,jie2,a,3,69,1448,81,3,9,13,3,1,-1,4.03,5,6.61,5.61
结,jie2,v,67,69,1448,767,3,9,72,2,4,-1,3.69,4.31,5.45,5.21
竭,jie2,v,1,69,1448,33,5,14,6,8,1,0,5.7,3.44,4.56,3.26
姐,jie3,n,83,8,1339,374,2,8,13,2,2,-1,2.53,6.49,6.84,6.89
解,jie3,v,46,8,1339,858,5,13,60,3,5,0,4.28,4.43,6.28,5.24
戒,jie4,v,10,33,1123,62,2,7,10,4,3,0,4.85,4.21,6.06,4.35
借,jie4,v,105,33,1123,147,3,10,19,2,3,-1,3.72,5.46,6.7,6.25
巾,jin1,n,1,26,1421,41,1,3,11,3,1,0,2.9,6.08,6.71,6
今,jin1,n,36,26,1421,894,3,4,28,2,1,0,2.83,4.62,6.52,4.1
金,jin1,a,168,26,1421,946,1,8,67,2,3,0,3.11,4.92,5.58,5.36
筋,jin1,n,5,26,1421,37,3,12,17,3,3,0,4.49,6.03,6.19,5.42
紧,jin3,a,74,22,803,499,3,10,17,2,4,0,3.67,5.2,6.44,6.06
锦,jin3,n,3,22,803,66,3,13,13,6,2,1,5.38,4.53,5.16,4.15
尽,jin4,v,113,49,3143,437,2,6,52,3,4,0,4.25,3.51,5.06,3.48
劲,jin4,n,35,49,3143,124,3,7,30,2,2,0,3.89,3.84,5.39,4.86
近,jin4,a,276,49,3143,615,2,7,40,2,3,1,3.03,4.67,6.81,5.65
进,jin4,v,665,49,3143,1886,2,7,65,1,3,-1,3.38,4.9,6.77,5.65
浸,jin4,v,10,49,3143,24,4,10,10,5,1,0,4.87,5.28,6.38,5.68
禁,jin4,v,9,49,3143,195,3,13,25,6,4,-1,4.56,3.9,6.1,4.71
京,jing1,n,2,39,3246,601,3,8,3,2,3,0,3.5,4.22,5.84,4.86
惊,jing1,v,29,39,3246,427,4,11,55,2,2,1,4.03,4.78,5.55,5.79
晶,jing1,n,3,39,3246,50,3,12,20,6,1,0,4.23,3.68,5.66,5.03
睛,jing1,n,1,39,3246,255,3,13,6,2,1,-1,3.69,5.41,5.55,5.89
精,jing1,a,28,39,3246,496,3,14,60,3,4,-1,4.43,3.44,6.16,4.48
井,jing3,n,38,25,451,78,1,4,28,2,3,0,2.83,6.62,6.37,6.7
颈,jing3,n,8,25,451,34,4,11,4,5,1,0,4.38,6.68,6.58,5.97
景,jing3,n,15,25,451,239,4,12,31,3,3,1,3.95,4.45,6.77,5.62
警,jing3,n,8,25,451,283,5,19,23,2,3,1,4.23,4.41,6.03,5.09
径,jing4,n,6,43,1174,75,3,8,21,7,3,1,5.21,5.35,6.06,5.03
竞,jing4,v,3,43,1174,123,3,10,6,9,1,0,4.83,4.05,5.35,4.39
敬,jing4,v,28,43,1174,134,4,12,22,2,3,0,4.2,3.85,6.29,4.65
境,jing4,n,17,43,1174,280,4,14,26,4,2,1,4.73,4.18,6.41,4.03
静,jing4,a,26,43,1174,351,4,14,36,3,2,-1,3.48,4.47,6.84,5.71
镜,jing4,n,15,43,1174,110,4,16,23,2,2,1,4.1,6.82,6.65,6.19
窘,jiong3,a,2,22,24,14,4,12,4,11,2,-1,6.05,4.05,5.81,5.06
纠,jiu1,v,3,21,756,48,2,5,7,7,3,0,4.97,3.51,5.07,4.29
究,jiu1,v,12,21,756,382,3,7,12,2,1,1,4.63,3.41,5.63,3.35
揪,jiu1,v,22,21,756,17,3,12,3,11,1,-1,4.95,5.48,6.28,6.12
久,jiu3,a,79,15,1285,384,1,3,29,4,1,0,3.26,4.1,6.68,4.94
酒,jiu3,n,147,15,1285,357,2,10,28,6,1,-1,3.46,6.82,6.9,6.91
旧,jiu4,a,154,28,6792,178,2,5,24,5,2,0,3.18,5.38,6.91,5.35
咎,jiu4,n,1,28,6792,7,3,8,4,18,3,-1,5.85,3.13,4.75,2.61
救,jiu4,v,113,28,6792,235,2,11,33,1,1,-1,3.65,5.38,6.77,6.27
舅,jiu4,n,7,28,6792,43,3,13,10,2,3,1,3.33,6.63,6.55,6.39
居,ju1,v,33,45,194,322,3,8,38,2,4,0,4.33,4.38,6.27,5.18
拘,ju1,v,3,45,194,27,3,8,9,9,3,1,5.49,4,6,4.59
鞠,ju1,v,1,45,194,12,3,17,3,5,2,0,5.51,4.53,5.58,4.62
局,ju2,n,154,34,359,430,3,7,32,2,4,0,4.17,4.57,5.97,4.86
桔,ju2,n,1,34,359,8,3,10,4,13,3,-1,3.93,6.55,6.38,6.16
菊,ju2,n,1,34,359,30,3,11,3,10,1,0,4.03,6.74,6.13,6.93
举,ju3,v,81,21,373,429,4,9,39,2,3,0,3.77,5.53,6.69,6.48
巨,ju4,a,23,67,1836,162,1,4,21,4,1,0,3.56,4.48,6.31,5.76
拒,ju4,v,8,67,1836,95,2,7,3,12,1,1,4.87,4.82,6.47,5.32
具,ju4,v,30,67,1836,353,2,8,36,5,2,0,3.86,3.58,4.55,2.71
剧,ju4,n,23,67,1836,222,4,10,26,8,2,1,4.4,5.36,6.13,5.5
惧,ju4,v,1,67,1836,64,3,11,10,13,1,1,4.97,4.43,6.23,5.56
锯,ju4,v,8,67,1836,8,4,13,4,5,2,1,5.21,5.43,6.13,5.44
聚,ju4,v,13,67,1836,97,3,14,28,7,1,0,4.6,4.9,6.53,5.83
踞,ju4,v,2,67,1836,5,5,15,3,18,1,1,5.58,4.89,4.61,4.39
捐,juan1,v,23,15,27,39,3,10,8,13,2,0,4.58,5.45,6.47,6.12
绢,juan4,n,2,25,151,21,3,10,3,5,1,0,4.8,5.85,5.91,5.61
撅,jue1,v,6,5,13,3,6,15,1,10,2,1,5.97,5.3,4.77,5
觉,jue2,n,25,94,1147,857,3,9,28,2,3,-1,3.51,3.88,6.33,4.09
倔,jue2,a,8,94,1147,10,4,10,2,8,2,-1,5.15,4.23,5.88,5.13
掘,jue2,v,18,94,1147,24,4,11,5,7,1,-1,5.25,5.86,5.55,5.93
厥,jue2,n,1,94,1147,10,5,12,1,13,2,1,6.09,3.97,2.97,3.54
爵,jue2,n,1,94,1147,100,4,17,2,13,2,0,6.08,4.23,4.91,3.26
蹶,jue2,v,1,94,1147,2,7,19,5,14,1,1,6.15,4.88,4.38,4.29
嚼,jue2,v,9,94,1147,15,5,20,5,8,2,-1,4.79,6,6.28,5.94
攫,jue2,v,1,94,1147,5,6,23,1,10,1,0,6.68,4.4,4.66,4.24
军,1-Jun,n,243,27,1258,1178,2,6,88,2,3,0,3.39,5.8,6.61,5.94
君,1-Jun,n,17,27,1258,184,2,7,9,6,1,0,4.45,4.67,6.45,4.84
菌,1-Jun,n,8,27,1258,17,3,11,12,2,2,0,5.33,5.57,5.84,5.89
俊,4-Jun,a,11,29,152,84,4,9,6,7,2,0,4.55,4.49,6.48,5.16
郡,4-Jun,n,4,29,152,23,3,9,2,13,1,1,5.85,5.41,5.5,4.42
卡,ka3,v,11,6,36,244,2,5,15,5,4,0,3.79,4.97,5.72,4.58
开,kai1,v,876,7,2063,2364,2,4,111,1,5,0,2.36,5.65,6.67,6.4
揩,kai1,v,8,7,2063,5,4,12,3,14,1,-1,5.33,4.51,4.68,5.32
慨,kai3,n,3,20,32,37,3,12,6,10,3,-1,5.77,3.03,4,3.64
楷,kai3,a,1,20,32,5,4,13,3,11,3,-1,5.18,3.15,4.31,3.74
刊,kan1,v,6,8,84,112,2,5,17,14,2,-1,4.95,3.78,5.53,4.47
坎,kan3,n,4,17,48,22,3,7,5,12,3,-1,4.94,5.25,4.81,4.93
砍,kan3,v,32,17,48,34,3,9,3,2,1,-1,4.28,6.13,6.8,6.3
看,kan4,v,2508,9,3477,2721,2,9,62,1,4,0,2.73,6.39,7,6.63
慷,kang1,v,2,14,61,13,4,14,1,10,0,1,5.69,3.03,4.1,3.54
糠,kang1,n,6,14,61,2,4,17,3,11,1,1,5.46,5.78,5.06,5.44
扛,kang2,v,43,2,28,13,2,6,4,2,3,-1,4.33,5.9,6.65,6.26
抗,kang4,v,18,12,458,173,3,7,25,5,2,1,4.58,4.74,6.03,4.55
炕,kang4,n,39,12,458,15,3,8,7,8,2,1,4.75,6.39,5.78,6.33
考,kao3,v,109,7,240,309,2,6,23,4,4,0,3.8,5.08,6.52,5.26
拷,kao3,v,1,7,240,6,3,9,4,10,1,1,5.55,5.15,6.25,4.84
烤,kao3,v,24,7,240,21,3,10,4,6,2,1,4.03,6.13,6.47,6.24
科,ke1,n,65,35,1106,588,3,9,40,2,3,0,4.11,3.56,6.03,4.19
磕,ke1,v,24,35,1106,16,4,15,6,7,1,-1,4.93,5.41,5.59,5.52
壳,ke2,n,10,6,122,25,3,7,17,2,1,0,4.13,6.2,6.41,5.74
渴,ke3,a,8,7,3481,47,5,12,8,2,1,0,3.2,5.74,6.69,6.37
克,ke4,v,9,25,1095,705,3,7,16,8,4,0,3.95,3.25,5.81,4.06
刻,ke4,v,13,25,1095,426,4,8,37,2,3,-1,4.17,5.16,6.32,6.29
客,ke4,n,23,25,1095,427,3,9,48,2,2,-1,3.55,5.97,6.59,5.74
课,ke4,n,63,25,1095,109,2,10,23,2,4,-1,3.24,5.63,6.88,6.42
肯,ken3,v,48,11,216,250,2,8,5,3,2,0,3.92,3.81,5.52,4.39
垦,ken3,v,4,11,216,10,2,9,5,9,2,0,4.9,4.6,5.84,4.82
啃,ken3,v,22,11,216,10,3,11,1,12,1,1,4.45,6.03,6.23,5.65
吭,keng1,v,3,14,62,14,3,7,7,10,2,-1,4.87,4.3,5.7,4.26
坑,keng1,n,18,14,62,28,3,7,10,4,3,-1,4.13,6.51,6.63,6.09
空,kong1,a,38,11,0,555,3,8,84,1,4,-1,2.94,4.35,6.6,5.86
孔,kong3,n,8,2,200,114,2,4,20,1,3,0,3.63,6.29,6.25,5.61
控,kong4,v,11,2,734,156,4,11,6,7,2,1,4.69,3.88,5.81,5.24
抠,kou1,v,10,7,3,3,3,7,2,13,3,-1,5.05,5.3,5.47,5.36
口,kou3,n,208,2,1111,1247,1,3,134,2,4,0,2,6.25,6.77,6.88
叩,kou4,v,3,16,66,17,2,5,2,13,3,0,5.1,5.56,5.69,5.34
扣,kou4,v,37,16,66,62,2,6,15,9,4,1,4.03,5.08,6.25,5.16
寇,kou4,n,1,16,66,19,5,11,3,5,2,0,5.55,4.74,5.63,3.77
枯,ku1,a,8,14,276,32,3,9,13,3,1,-1,3.87,5,6.48,5.97
哭,ku1,v,183,14,276,182,3,10,18,2,1,0,2.69,6.11,6.87,6.74
窟,ku1,n,8,14,276,14,5,13,2,6,1,-1,5.43,5.65,5,5.5
苦,ku3,a,108,3,439,425,3,8,63,2,3,-1,3.05,5.45,6.87,6.59
库,ku4,n,38,14,148,122,2,7,14,5,1,-1,4.56,5.73,6.44,5.24
裤,ku4,n,15,14,148,52,3,12,17,2,1,1,3.61,6.86,6.83,6.67
夸,kua1,v,24,5,42,40,3,6,14,3,2,-1,3.75,4.97,6.81,5.03
垮,kua3,v,15,4,29,16,4,9,5,6,1,1,5.03,4.89,4.9,4.68
挎,kua4,v,12,4,57,3,4,9,3,2,2,1,4.92,5.56,5.41,4.84
胯,kua4,n,3,4,57,2,4,10,6,12,1,1,5.31,6.32,5.31,4.94
跨,kua4,v,78,4,57,62,5,13,5,6,3,1,4.36,5.51,5.87,6.29
快,kuai4,a,349,23,1484,791,2,7,47,1,4,0,2.94,4.76,6.76,6.48
筷,kuai4,n,5,23,1484,12,3,13,4,9,1,1,3.78,6.79,6.45,6.23
宽,kuan1,a,53,6,122,109,3,10,20,1,3,-1,3.31,4.9,6.81,6.29
款,kuan3,n,52,6,74,184,4,12,27,8,4,-1,5.2,4.95,6.33,5.21
诓,kuang1,v,1,12,36,1,3,8,1,17,1,1,6.28,3.69,4.16,3.68
狂,kuang2,a,10,8,87,144,2,7,20,4,3,-1,4.19,3.81,6.13,6
况,kuang4,n,1,31,659,396,3,7,10,5,3,-1,4.51,3.49,5.1,2.54
矿,kuang4,n,52,31,659,83,2,8,29,4,2,-1,4.89,5.98,6.13,5.68
框,kuang4,n,2,31,659,19,3,10,11,6,3,1,4.69,6.37,6.4,5.97
亏,kui1,v,32,13,71,79,2,3,12,4,3,0,4.08,3.68,5.2,4.04
盔,kui1,n,1,13,71,9,3,11,5,10,2,-1,5.11,6.36,5.45,6.56
窥,kui1,v,3,13,71,15,4,13,5,13,1,-1,5.64,5.05,5.39,6
愧,kui4,a,3,29,58,40,2,12,11,3,1,-1,5.05,4.05,5.63,4.68
捆,kun3,v,13,14,38,17,3,10,3,6,2,1,4.3,5.59,6.25,5.71
困,kun4,a,7,3,237,207,2,7,19,5,3,0,3.77,4.67,6.45,5.61
扩,kuo4,v,5,24,309,102,2,6,8,7,1,-1,4.28,4.65,5.94,4.79
阔,kuo4,a,11,24,309,58,4,12,16,3,2,-1,4.53,4.22,6.19,5.14
拉,la1,v,285,8,438,680,2,8,46,2,4,-1,3.19,5.54,6.39,6.26
腊,la4,n,1,22,81,37,3,12,7,6,2,-1,4.76,5,5.56,4.76
蜡,la4,n,5,22,81,20,3,14,10,4,3,-1,4.1,6.46,6.73,5.94
辣,la4,a,23,22,81,34,3,14,13,4,1,0,3.93,5.97,6.69,6.57
来,lai2,v,3153,28,8208,6492,2,7,121,1,5,0,2.55,5.15,6.74,5.23
赖,lai4,v,5,19,37,75,3,13,13,14,4,-1,4.95,3.72,5.75,3.74
兰,lan2,n,1,46,255,358,2,5,15,2,1,0,3.88,5.46,5.66,4.35
拦,lan2,v,26,46,255,43,3,8,7,2,1,1,3.94,5.78,6.06,6.59
栏,lan2,n,14,46,255,42,3,9,14,6,3,1,4.63,5.79,6.38,5.65
蓝,lan2,a,34,46,255,135,4,13,30,1,2,-1,3.08,5.46,6.13,5.93
澜,lan2,n,1,46,255,18,3,15,3,9,1,0,6.03,4,4.72,3.79
篮,lan2,n,8,46,255,39,4,16,5,2,1,-1,3.81,5.81,6.43,6.29
览,lan3,v,3,21,94,49,3,9,8,8,1,-1,4.82,4.63,6.1,5.21
揽,lan3,v,12,21,94,18,4,12,5,13,3,1,5.17,4.97,5.55,5.5
缆,lan3,n,1,21,94,9,4,12,4,10,1,1,5.36,5.48,5.25,4.59
懒,lan3,a,5,21,94,41,4,16,10,2,1,-1,4.31,4.54,6.73,5.96
烂,lan4,v,18,12,108,62,3,9,16,4,3,1,4.03,5.08,5.94,5.16
滥,lan4,a,8,12,108,20,4,13,9,10,2,-1,5.28,3.79,5.78,4.29
郎,lang2,n,2,25,136,115,3,8,11,13,3,-1,4.75,5.59,6.22,4.81
狼,lang2,n,46,25,136,62,3,10,11,5,1,-1,3.54,6.9,6.81,6.64
廊,lang2,n,2,25,136,46,4,11,13,7,2,1,4.91,6.19,5.45,5.96
朗,lang3,a,2,11,0,108,3,10,16,4,2,-1,4.33,2.98,5.6,4.03
浪,lang4,n,42,4,172,135,3,10,31,2,3,-1,4.03,6.58,6.42,6.23
捞,lao1,v,23,3,0,19,4,10,7,2,2,1,4.83,5.59,6.25,5.52
劳,lao2,v,3,25,624,254,3,7,38,5,3,0,3.56,4.08,5.9,4.39
牢,lao2,a,9,25,624,69,2,7,16,5,3,0,4.23,4.75,5.66,5.29
老,lao3,a,619,16,2138,1623,2,6,124,1,3,0,2.75,4.65,6.48,6.26
涝,lao4,n,2,11,26,4,4,10,4,15,1,1,5.41,4.58,4.78,4.26
烙,lao4,v,5,11,26,7,3,10,5,7,3,-1,5.55,5.31,5.56,4.65
酪,lao4,n,2,11,26,4,3,13,2,8,2,-1,5.64,4.83,5.44,4.26
乐,le4,v,60,18,246,457,1,5,49,3,4,0,2.86,4.76,5.71,6.37
勒,le4,v,13,18,246,155,2,11,6,5,4,-1,5.72,4.77,5.69,4.42
雷,lei2,n,19,26,71,261,2,13,19,1,2,0,3.28,6.19,6.13,6.74
垒,lei3,v,7,26,31,17,4,9,4,5,2,0,5.08,4.88,5.59,5.09
肋,lei4,n,1,20,731,6,2,6,4,15,1,-1,5.31,6.08,6.19,5.12
泪,lei4,n,46,20,731,192,2,8,14,2,1,-1,3.4,6.46,6.67,6.85
累,lei4,a,77,20,731,117,2,11,18,5,3,0,3.89,4.57,6.52,6.22
擂,lei4,v,3,20,731,8,3,16,4,3,3,1,5.54,4.97,5.26,5.14
棱,leng2,n,1,7,11,7,4,12,7,17,3,0,5.08,5.49,5.52,5.43
冷,leng3,a,65,1,314,473,4,7,60,3,4,-1,3.05,5.58,6.87,6.79
愣,leng4,v,30,4,44,45,3,12,6,5,2,0,4.68,4.79,5.75,5.1
梨,li2,n,5,72,592,15,3,11,6,2,1,1,3.31,7,6.94,6.7
离,li2,v,128,72,592,551,4,10,42,1,3,0,3.9,3.92,6.42,5.32
犁,li2,n,1,72,592,7,3,11,8,12,2,1,4.77,6.31,5.81,5.35
篱,li2,n,1,72,592,8,5,16,2,4,1,1,5.1,6,5.97,5.42
礼,li3,n,26,27,6519,251,2,5,43,3,3,0,3.67,4.57,6.47,4.96
里,li3,n,2502,27,6519,3117,1,7,69,1,4,0,2.97,4.54,5.42,4.96
理,li3,v,57,27,6519,1528,2,11,83,3,3,1,3.75,3.85,6.1,4.32
历,li4,v,3,132,4653,355,2,4,31,3,3,1,4.25,3.28,4.94,2.87
立,li4,v,68,132,4653,958,1,5,74,2,3,0,3.21,5.38,6.65,5.74
丽,li4,a,1,132,4653,295,5,7,18,2,3,0,3.33,3.59,6.1,4.57
利,li4,n,68,132,4653,1030,2,7,64,3,3,0,4.28,3.46,5.59,3.9
例,li4,n,36,132,4653,186,3,8,24,4,3,-1,4.51,4.78,6.77,4.35
隶,li4,a,1,132,4653,24,2,8,1,11,3,0,5.5,3.08,4.06,3.21
帘,lian2,n,3,53,1158,30,3,8,9,5,2,0,4.33,6.41,6.83,6.15
莲,lian2,n,1,53,1158,77,3,10,15,6,1,1,4.55,6.25,6.66,6.29
联,lian2,v,15,53,1158,486,3,12,36,5,2,0,4.48,3.69,6.03,4.16
廉,lian2,a,6,53,1158,49,3,13,7,12,2,-1,5.21,4.18,6,5.15
镰,lian2,n,1,53,1158,3,4,18,3,2,1,1,5.03,6.49,5.47,5.45
脸,lian3,n,260,17,583,658,5,11,49,2,1,0,2.88,6.89,6.72,6.77
练,lian4,v,77,27,346,179,2,8,16,2,3,0,3.69,4.68,6.72,5.76
炼,lian4,v,13,27,346,41,2,9,11,8,2,0,4.68,4.35,6.1,5.32
恋,lian4,v,9,27,346,102,3,10,17,7,1,-1,4.68,4.33,6.55,5.76
链,lian4,n,4,27,346,24,3,12,7,5,1,1,5.03,6.18,6.25,5.55
良,liang2,a,3,15,533,229,2,7,25,5,2,0,3.54,3.5,6.1,4.79
凉,liang2,a,43,15,533,90,4,10,29,1,2,-1,3.46,5.18,6.87,5.91
梁,liang2,n,8,15,533,101,4,11,17,5,4,-1,4.85,5.25,6.25,5
粮,liang2,n,113,15,533,116,3,13,28,3,2,1,3.79,6.54,7,6.64
亮,liang4,a,58,13,1687,274,4,9,43,1,4,-1,3,5.36,6.53,6.44
谅,liang4,v,2,13,1687,47,4,10,4,8,3,-1,4.51,3.72,5.58,4.89
晾,liang4,v,7,13,1687,4,4,12,2,5,1,-1,4.45,5.79,6.32,5.74
量,liang4,n,88,13,1687,661,3,12,73,4,4,-1,4.03,4.24,5.26,4.52
疗,liao2,v,3,43,159,82,2,7,7,8,1,1,4.78,4.74,6.22,4.65
聊,liao2,v,49,43,159,74,3,11,11,8,3,-1,4.85,5.8,6.84,6.27
僚,liao2,n,1,43,159,14,5,14,2,17,2,0,6,3.74,5.16,3.32
撩,liao2,v,10,43,159,12,5,15,1,7,3,1,5.59,5.15,5.88,5.06
燎,liao2,v,1,43,159,5,5,16,4,9,2,0,5.67,3.58,4.59,3.79
料,liao4,n,18,8,615,335,3,10,53,1,3,0,4.28,5,5.23,5.18
列,lie4,v,57,36,596,290,2,6,30,3,3,0,3.86,3.95,5.48,4.43
劣,lie4,a,3,36,596,42,3,6,8,10,1,0,4.95,4.83,6.31,5.09
洌,lie4,a,1,36,596,1,3,9,1,17,2,1,6.19,3.43,3.29,3.5
烈,lie4,a,5,36,596,260,3,10,21,2,3,1,4.38,3.75,6.28,4.91
猎,lie4,v,4,36,596,47,3,11,23,4,2,-1,4.47,5.08,5.68,5.37
裂,lie4,v,10,36,596,67,3,12,23,4,2,1,4.4,5.51,5.39,5.93
邻,lin2,n,5,41,492,54,4,7,15,3,2,-1,3.55,5.79,6.39,5.42
林,lin2,n,64,41,492,643,2,8,40,2,1,0,3.28,6.72,6.69,6.1
临,lin2,v,28,41,492,198,3,9,22,5,3,0,4.5,3.82,5.38,3.97
淋,lin2,v,10,41,492,31,3,11,10,2,3,1,4.21,5.68,6.34,5.68
磷,lin2,n,4,41,492,7,4,17,12,6,1,1,6.33,5.77,5.97,4.1
赁,lin4,v,1,18,8,8,4,10,1,19,1,-1,6.21,3.66,4.52,3.68
拎,lin1,v,23,1,0,11,4,8,2,8,1,1,4.89,5.57,5.71,6.11
灵,ling2,a,38,82,446,272,2,7,42,5,4,0,4.15,3.63,6.39,5.18
岭,ling3,n,6,82,939,32,4,8,6,2,1,1,4.29,6.39,6.06,6.41
铃,ling2,n,11,82,446,57,4,10,12,2,1,1,3.63,6.48,6.94,6.44
棂,ling2,n,1,82,446,1,3,11,1,11,1,1,6.08,5.43,4.31,3.79
绫,ling2,n,2,82,446,20,4,11,2,13,1,0,5.31,5.38,4.52,5.04
龄,ling2,n,3,82,446,76,6,13,6,5,2,1,4.08,4.05,6.1,4.21
领,ling3,v,88,5,939,613,5,11,44,2,4,1,4.2,4.44,6.09,5.1
令,ling4,v,153,4,551,551,3,5,39,4,4,0,3.82,4,5.75,4.62
溜,liu1,v,32,2,82,60,3,13,55,3,4,1,4.83,5.19,6.24,5.57
流,liu2,v,122,52,1175,559,4,10,123,1,4,0,3.64,5.41,6.57,5.93
留,liu2,v,273,52,1175,428,2,10,34,4,3,-1,3.51,4.9,6.52,5.35
硫,liu2,n,2,52,1175,6,4,12,26,6,1,0,5.9,5.74,5.69,4.03
瘤,liu2,n,2,52,1175,9,3,15,2,21,1,1,5.47,5.73,5.23,6.33
柳,liu3,n,12,14,42,114,3,9,7,2,1,-1,3.67,6.77,6.06,6.81
龙,long2,n,53,52,317,368,1,5,35,4,2,0,3.26,5.45,6.77,6.73
笼,long2,n,2,52,317,45,2,11,16,6,4,1,4.13,6.26,6.16,5.87
聋,long2,a,3,52,317,12,2,11,3,6,1,1,4.43,5.33,6.57,6.06
隆,long2,v,2,52,317,100,5,11,15,7,3,0,5.31,3.51,4.65,3.44
拢,long3,v,12,10,1,23,2,8,9,8,3,1,5.03,4.92,5.66,4.84
偻,lou2,v,1,26,154,2,3,11,5,17,2,1,5.93,3.46,2.97,3.74
搂,lou3,v,26,9,18,33,3,12,3,6,3,1,4.87,5.92,6.65,5.97
篓,lou3,n,2,9,18,4,3,15,2,5,1,1,5.58,5.73,5.22,4.68
漏,lou4,v,27,9,67,37,3,14,17,4,3,1,4.41,5.58,6.53,6.22
露,lou4,v,39,9,67,255,5,21,29,2,3,1,4.33,5.43,6,5.29
庐,lu2,n,1,44,171,12,2,7,4,7,1,-1,4.97,4.68,5.28,3.74
炉,lu2,n,22,44,171,47,2,8,22,7,1,-1,3.77,6.51,6.81,5.94
颅,lu2,n,4,44,171,8,4,11,2,16,1,1,5.67,5.93,5.63,5.47
卤,lu3,n,1,27,32,3,3,7,3,21,3,0,5.86,4.83,4.55,4.96
陆,lu4,n,4,81,1666,193,3,7,16,5,2,-1,4.08,5.77,6.28,5.29
录,lu4,n,11,81,1666,245,2,8,16,5,2,0,4.14,4.46,5.19,4.07
鹿,lu4,n,46,81,1666,33,3,11,6,2,1,0,3.82,6.85,6.61,6.45
禄,lu4,n,1,81,1666,21,3,12,5,14,1,1,5.71,4.43,5.41,3.62
路,lu4,n,343,81,1666,828,4,13,86,2,3,-1,3.06,5.56,6.68,6.96
麓,lu4,n,1,81,1666,4,5,19,4,19,1,1,6.08,5.23,4.84,4.19
驴,lu:2,n,75,12,36,20,3,7,5,5,1,-1,3.9,6.87,6.81,6.67
旅,lu:3,n,8,25,157,187,3,10,12,3,4,0,4.45,4.43,5.81,5.06
铝,lu:3,n,3,25,0,8,3,11,5,18,1,1,5.38,6.34,6.42,5.45
履,lu:3,n,1,25,0,30,5,15,6,8,2,0,6.03,4.93,5,4.29
律,lu:4,n,16,19,534,250,2,9,14,10,3,-1,4.33,4.23,5.63,3.71
虑,lu:4,n,2,19,0,144,2,10,16,5,2,-1,5.1,3.83,4.69,3.65
绿,lu:4,a,111,19,0,140,3,11,49,1,1,-1,3.23,5.92,6.75,6.65
卵,luan3,n,4,1,64,12,4,7,7,5,1,0,5.28,6.23,6.44,6.12
乱,luan4,a,116,3,257,295,3,7,53,3,3,0,3.74,4.98,6.38,6
掠,lue3,v,4,1,0,49,4,11,5,6,2,-1,5.08,4.3,6.29,5.44
抡,lun1,v,9,2,6,6,3,7,1,10,2,1,5.19,5.06,5.16,5.75
沦,lun2,v,3,26,214,13,3,7,4,12,2,1,5.23,3.2,5.34,3.56
论,lun4,v,41,4,867,619,3,6,47,3,3,1,4.38,4.44,6.47,4.55
捋,luo1,v,3,3,4,3,3,10,1,2,2,0,6.2,5.31,4.16,4.68
锣,luo2,n,5,28,156,11,3,13,4,4,1,1,5.06,6.27,5.13,5.82
骡,luo2,n,2,28,156,7,4,14,4,14,1,-1,5.15,6.21,5.63,5.12
螺,luo2,n,1,28,156,12,3,17,19,3,2,-1,4.5,6.25,5.26,5.82
裸,luo3,v,1,12,12,30,2,13,5,6,1,-1,5.63,5.69,4.81,5.75
落,luo4,v,124,20,498,483,4,12,96,1,5,1,3.67,5.2,6.6,6.15
妈,ma1,n,338,4,1119,345,3,6,10,1,2,1,1.92,6.74,7,6.97
麻,ma2,a,12,7,129,150,3,11,35,2,3,0,3.72,4.03,5.03,4.46
马,ma3,n,106,15,673,904,2,3,86,1,1,0,2.35,6.67,6.7,7
骂,ma4,v,119,14,116,118,4,9,12,8,2,1,3.75,5.95,6.87,6.37
埋,mai2,v,32,3,76,69,2,10,11,2,2,-1,3.85,5.74,6.25,5.74
买,mai3,v,553,6,439,266,3,6,18,2,1,0,3.23,6.03,6.88,5.77
迈,mai4,v,71,15,534,65,2,6,3,2,2,-1,4.46,4.73,6.32,5.53
麦,mai4,n,7,15,534,111,2,7,14,3,1,0,3.63,6.56,6.87,6.29
卖,mai4,v,308,15,534,198,4,8,23,3,3,1,3.26,6.15,6.81,6.06
脉,mai4,n,6,15,534,47,2,9,12,8,3,-1,4.72,5.13,6.34,5.45
瞒,man2,v,22,17,55,34,3,15,4,15,1,0,4.86,4.62,6.03,4.68
满,man3,a,173,10,603,601,3,13,37,2,3,0,3.63,4.74,6.61,5.71
慢,man4,a,43,22,348,247,4,14,21,2,2,1,3.15,5.28,6.71,6.18
漫,man4,v,3,22,348,88,4,14,20,1,3,1,5.15,3.82,4.91,3.68
忙,mang2,a,94,26,547,341,2,6,29,2,2,-1,3.33,4.62,6.67,6
盲,mang2,a,1,26,547,32,2,8,9,12,1,-1,4.3,5.36,6.13,5.65
蟒,mang3,n,2,7,8,4,4,16,1,17,1,1,5.88,6.5,5.5,5.45
猫,mao1,n,38,2,39,58,3,11,8,1,2,-1,3,7,6.87,6.56
茂,mao4,a,3,25,348,27,2,8,6,3,1,-1,4.67,3.97,5.58,5.44
冒,mao4,v,62,25,348,131,2,9,11,2,3,-1,4.13,4.05,6.06,5
贸,mao4,n,8,25,348,146,2,9,5,9,2,0,4.87,3.15,5.09,4.06
帽,mao4,n,13,25,348,61,3,12,16,2,2,1,3.44,6.83,6.57,6.96
貌,mao4,n,6,25,348,90,3,14,13,4,3,0,4.28,4.23,6.55,5.26
眉,mei2,n,23,43,3566,167,2,9,34,3,2,0,3.23,6.63,6.37,6.86
媒,mei2,n,3,43,3566,37,3,12,6,17,1,-1,5,3.78,5.65,4.57
楣,mei2,n,1,43,3566,7,3,13,2,13,1,1,5.77,4.7,4.23,3.53
煤,mei2,n,53,43,3566,59,3,13,17,6,2,-1,4.08,6.92,6.68,6.32
霉,mei2,n,11,43,3566,20,3,15,10,5,2,1,5.23,4.78,5.88,5.15
美,mei3,a,158,16,1013,1066,2,9,54,2,3,0,3.08,4.53,6.93,6.42
妹,mei4,n,23,19,194,213,2,8,13,3,2,-1,2.92,6.56,6.87,6.78
昧,mei4,v,3,19,194,21,2,9,6,16,2,-1,5.62,2.65,4.19,3.29
媚,mei4,a,1,19,194,39,3,12,8,5,2,1,5.43,4.03,6.22,4.52
门,men2,n,340,12,1046,1257,1,3,98,1,4,0,2.58,6.89,6.97,6.61
扪,men2,n,1,12,1046,1,2,6,2,15,1,1,6.23,3.82,2.63,3.73
闷,men4,v,9,7,77,70,2,7,29,2,4,1,4.26,4.63,5.38,5.03
盟,meng2,n,5,39,149,89,3,13,9,18,3,-1,5.84,3.7,5.97,4.44
猛,meng3,a,44,12,172,143,3,11,18,5,2,1,4.45,4.33,6.47,5.68
蒙,meng3,v,28,12,172,165,4,13,28,4,4,0,4.72,4.15,6.03,4.88
懵,meng3,v,3,12,172,4,5,18,3,15,0,0,6.47,3.73,3.87,3.15
梦,meng4,n,125,6,91,250,3,11,15,6,1,-1,3.67,5.19,6.6,6.74
迷,mi2,v,10,31,141,170,2,9,24,2,3,1,4.1,3.8,6.03,4.32
谜,mi2,n,13,31,141,20,3,11,4,2,1,1,4.11,5.03,6.13,5.75
眯,mi1,v,3,21,43,20,2,11,5,5,3,1,4.28,5.53,6.34,5.91
觅,mi4,v,3,37,513,14,2,8,3,13,1,-1,5.49,5.1,6.19,5.19
密,mi4,a,13,37,513,294,3,11,39,1,3,0,3.94,3.78,5.97,4.89
蜜,mi4,n,5,37,513,42,3,14,11,3,2,1,3.8,5.5,6.28,5.61
眠,mian2,v,6,17,335,37,2,10,10,8,2,-1,4.5,4.86,5.71,5.29
棉,mian2,n,31,17,335,66,3,12,36,3,2,-1,3.67,6.35,6.74,6.32
免,mian3,v,15,20,153,197,2,7,17,6,3,0,4.15,3.15,6.3,4.5
勉,mian3,v,2,20,153,46,3,9,7,5,2,1,4.78,3.72,5.06,3.77
面,mian4,n,183,7,2646,2092,3,9,142,1,5,0,2.9,6.5,6.31,5.74
苗,miao2,n,8,8,108,49,2,8,19,1,4,0,3.31,5.98,6.8,5.71
描,miao2,v,3,8,108,80,3,11,9,6,1,1,4.06,5.19,6.13,6.41
瞄,miao2,v,3,8,108,24,3,13,2,10,1,1,4.72,5.19,5.76,5.5
渺,miao3,a,2,10,86,10,4,12,6,7,2,1,5.56,3.49,4.9,4.57
妙,miao4,a,18,6,89,124,3,7,17,2,2,-1,4.3,4.18,6.31,4.26
庙,miao4,n,41,6,89,47,2,8,4,3,3,1,4,6.32,5.77,6.74
灭,mie4,v,28,16,226,111,2,5,23,2,3,0,3.73,4.74,6.25,5.68
民,min2,n,80,30,2665,1391,1,5,69,1,3,0,3.2,5.42,6.72,5.19
抿,min3,v,5,27,174,11,2,8,1,7,2,1,5.86,4.43,4.77,4.64
泯,min3,v,1,27,174,3,2,8,1,16,1,1,5.86,3.78,4.06,3.78
敏,min3,v,1,27,174,106,3,11,11,5,1,-1,4.42,3.73,4.97,4.21
明,ming2,a,42,22,1796,1490,2,8,114,2,4,0,3.13,4.74,6.58,5.06
鸣,ming2,v,7,22,1796,66,3,8,17,3,3,0,4.61,5.19,5.55,5.82
茗,ming2,n,1,22,1796,4,3,9,1,18,2,1,6.37,4.38,4,4.18
铭,ming2,v,1,22,1796,30,3,11,5,12,2,1,5.45,4.13,4.38,3.65
命,ming4,n,93,3,1552,767,4,8,52,1,3,0,3.97,3.86,6.42,5.54
摸,mo1,v,146,2,165,126,4,13,12,2,3,1,3.65,5.54,6.66,6.55
馍,mo2,n,7,25,477,3,4,13,1,14,1,1,5.19,6.64,4.94,6.7
膜,mo2,n,1,25,477,17,4,14,14,5,2,1,5.21,5.5,6.29,4.94
磨,mo2,v,33,25,477,82,4,16,30,3,4,0,4.45,5.79,6.26,5.9
抹,mo3,v,39,3,40,58,2,8,10,8,4,1,4.44,5.36,6.19,5.68
末,mo4,n,87,56,428,87,1,5,22,5,3,0,4.31,4.05,6.09,4.56
沫,mo4,n,1,56,428,23,2,8,7,3,1,1,4.54,5.78,5.58,5.93
墨,mo4,n,13,56,428,73,2,15,20,3,4,-1,4.44,6.49,5.93,6.68
谋,mou2,v,24,15,84,135,3,11,19,6,3,1,5.23,4.21,6.39,4.61
母,mu3,a,41,5,518,417,1,5,30,5,3,0,2.82,5,5.16,5.65
木,mu4,a,22,31,1057,305,1,4,63,1,3,0,3.28,5.3,5.88,5.24
目,mu4,n,18,31,1057,994,1,5,65,2,3,0,2.72,6.53,6.58,6.26
沐,mu4,v,2,31,1057,17,2,7,2,7,1,1,5.18,4.72,5.48,5.61
牧,mu4,n,8,31,1057,67,2,8,21,2,1,0,4.51,3.88,5.13,5.03
募,mu4,v,3,31,1057,11,4,12,5,18,1,0,5.82,4.2,5.72,4.44
墓,mu4,n,76,31,1057,45,4,13,9,13,1,0,4.65,6.69,6.25,5.74
慕,mu4,v,3,31,1057,88,4,14,7,4,2,0,5.18,3.3,5.94,4.56
暮,mu4,n,3,31,1057,18,4,14,7,8,2,0,5.13,5.72,5.88,5.68
拿,na2,v,496,6,643,416,4,10,15,1,4,0,3.14,5.89,6.79,6.59
内,nei4,n,551,21,864,990,1,4,51,5,2,0,3.31,4.49,5.61,4.3
纳,na4,v,18,21,4096,213,2,7,12,13,3,-1,5,3.94,4.81,3.18
娜,na4,n,1,21,4096,126,3,9,3,11,2,1,4.94,3.46,4.35,3.64
钠,na4,n,1,21,4096,2,2,9,6,15,1,-1,6.28,5.83,6.58,4.88
奶,nai3,n,19,11,256,139,2,5,20,2,3,1,2.64,6.06,6.63,6.57
耐,nai4,v,13,9,154,91,2,9,17,3,1,-1,4.45,3.18,5.03,4.19
男,nan2,a,165,18,1344,538,2,7,16,4,3,0,2.74,5.97,5.87,6.92
南,nan2,n,83,18,1344,667,4,9,27,1,1,0,2.95,5.38,6.77,5.88
难,nan2,a,294,18,1344,894,3,10,61,2,4,0,3.64,3.86,6.47,6.04
挠,nao2,v,8,19,16,11,3,9,7,5,3,-1,4.73,5.67,5.94,5.39
恼,nao3,v,8,12,342,70,4,9,9,4,1,0,4.33,4.63,5.72,5.53
脑,nao3,n,30,12,342,290,4,10,49,2,2,0,3.38,6.59,6.9,6.84
闹,nao4,v,116,6,172,128,3,8,20,2,3,0,3.92,4.98,6.44,6.12
嫩,nen4,a,13,1,28,27,3,14,15,4,2,0,4.4,4.42,6.28,5.29
能,neng2,v,2368,1,3144,2666,4,10,51,2,4,0,3.63,3.74,6.58,4.45
尼,ni2,n,1,28,209,290,2,5,5,9,1,0,4.87,2.85,4.25,3.09
泥,ni2,n,28,28,209,82,3,8,24,4,3,1,3.08,6.62,6.97,6.64
霓,ni2,n,1,28,209,10,3,16,4,22,1,0,5.74,4.18,5.31,4.74
拟,ni3,v,18,21,6104,36,3,7,8,7,3,-1,5.15,3.15,5.19,3.47
昵,ni4,n,1,20,29,5,3,9,2,10,1,1,5.67,3.26,4.78,3.13
逆,ni4,v,3,20,29,32,3,9,9,12,3,0,4.71,3.94,5.16,4.41
匿,ni4,v,2,20,29,10,4,10,4,13,1,-1,5.87,3.75,5.13,4.18
睨,ni4,v,1,20,29,7,3,13,2,19,0,0,6.24,4.28,4.53,3.85
腻,ni4,a,5,20,29,17,4,13,6,6,3,-1,5.38,4.54,6.19,4.58
拈,nian1,v,2,1,9,5,3,8,2,13,1,-1,5.25,5.49,5.41,5.37
捻,nian3,v,2,12,21,6,5,11,4,13,2,1,6.09,5.73,4.48,4.89
撵,nian3,v,10,12,21,5,4,15,1,14,2,1,5.62,5.4,5.69,5.38
念,nian4,v,149,6,291,371,4,8,33,2,3,-1,3.63,5.53,6.63,6.62
娘,niang2,n,63,3,394,389,3,10,24,4,3,-1,3.08,6.77,6.7,6.89
酿,niang4,v,8,3,0,15,3,14,3,10,2,-1,5.51,4.68,6.23,5.35
鸟,niao3,n,128,10,130,84,2,5,18,1,1,0,2.79,6.9,6.97,6.56
尿,niao4,n,13,2,19,20,2,7,10,8,2,-1,3.28,6.53,6.3,6.32
捏,nie1,v,32,2,43,32,3,10,5,5,3,0,4.38,5.79,6.09,6.03
孽,nie4,n,3,53,22,12,5,19,6,18,1,0,6.08,3.79,5.44,3.61
拧,ning2,v,37,22,163,12,3,8,2,8,3,1,4.44,5.86,5.9,6.36
凝,ning2,v,2,22,163,101,7,16,19,6,2,-1,5.05,4.23,5.97,5.38
妞,niu1,n,1,1,4,15,2,7,2,22,1,-1,4.59,6.1,6.13,5.76
牛,niu2,n,48,3,207,167,1,4,37,1,1,0,2.5,6.92,6.84,6.6
扭,niu3,v,26,12,84,63,2,7,10,4,1,-1,4.18,5.67,6.31,5.32
农,nong2,n,49,19,874,550,2,6,68,1,2,0,3.23,5.28,6.77,6.06
浓,nong2,a,30,19,874,79,3,9,19,5,2,1,4,4.51,6.41,5.65
弄,nong4,v,155,5,0,194,2,7,25,2,3,0,3.98,4.23,6.5,4.35
努,nu3,v,2,5,858,139,3,7,3,5,3,1,4.25,3.18,5.59,3.84
怒,nu4,v,6,3,90,199,3,9,27,3,3,1,4.08,4.86,5.84,6.46
女,nu:3,a,380,4,0,1481,1,3,52,4,2,0,2.28,5.53,6.5,5.9
暖,nuan3,a,19,5,109,74,5,13,20,3,1,0,3.8,4.87,6.31,5.42
挪,nuo2,v,19,6,7,33,3,9,3,11,1,-1,4.75,5.51,5.68,5.93
诺,nuo4,n,1,17,13,145,4,10,5,12,2,-1,5.05,3.5,5.63,4.13
趴,pa1,v,23,6,79,16,3,9,1,3,2,-1,3.92,5.75,6.65,6.42
爬,pa2,v,85,7,187,81,2,8,8,1,2,-1,3.33,5.7,6.53,6.67
怕,pa4,v,333,4,501,470,2,8,17,2,2,-1,3.23,5.1,6.71,5.48
拍,pai1,v,106,1,143,204,2,8,22,2,3,-1,3.36,5.85,6.53,6.23
排,pai2,v,53,10,326,258,2,11,34,1,4,-1,3.77,4.88,6.25,5.21
牌,pai2,n,133,10,326,174,3,12,16,13,3,-1,4.28,6.16,6.34,5.61
派,pai4,v,120,5,406,327,3,9,33,3,4,0,4.49,4.38,6.45,5.18
攀,pan1,v,13,4,33,29,6,19,8,5,2,0,4.95,5.95,6.57,6.03
蟠,pan2,v,1,18,186,2,3,18,2,15,1,-1,6.13,3.05,3.31,2.57
判,pan4,v,15,17,262,165,3,7,14,6,3,0,4.73,4.13,6.19,5.03
盼,pan4,v,32,17,262,46,3,9,5,5,2,-1,4.1,4.62,6.59,4.45
畔,pan4,n,10,17,262,22,3,10,3,7,1,-1,4.97,5.11,4.97,5.46
旁,pang2,n,48,13,341,238,4,10,18,2,2,-1,3.64,4.77,6,4.29
胖,pang4,a,45,2,0,51,3,9,9,2,2,-1,3.25,5.69,6.88,6.35
抛,pao1,v,24,3,32,50,3,7,6,7,2,0,4.46,5.9,6.03,5.74
刨,pao2,v,7,15,37,5,3,7,6,3,3,-1,5.08,5.65,5.45,5.79
咆,pao2,v,1,15,37,8,3,8,1,12,1,-1,5.44,4.93,5.28,4.38
炮,pao2,n,21,15,37,96,3,9,34,4,4,-1,3.9,6.59,6.59,5.87
袍,pao2,n,3,15,37,40,3,10,7,12,1,-1,5.21,5.82,6.03,5.82
跑,pao3,v,373,1,567,263,4,12,22,2,3,-1,3.53,6.34,6.91,6.29
泡,pao4,v,30,9,204,39,3,8,16,3,4,-1,3.66,5.33,5.84,5.64
胚,pei1,n,3,7,5,4,3,9,2,15,1,0,5.89,5.23,5.87,4.74
陪,pei2,v,80,11,171,116,3,10,9,6,1,0,4.23,5.38,6.56,5.59
培,pei2,v,2,11,171,134,3,11,10,4,1,0,4.44,3.97,6,4.46
赔,pei2,v,38,11,171,40,3,12,7,5,2,0,4.56,4.85,6.63,5.32
佩,pei4,v,4,17,220,94,4,8,6,5,3,0,4.83,4.36,6.06,4.13
配,pei4,v,46,17,220,192,2,10,32,7,4,0,4.6,3.87,6.19,4.1
喷,pen1,v,16,4,88,44,4,12,27,5,3,0,4.17,5.49,6.06,6.67
盆,pen2,n,17,4,107,37,3,9,15,4,1,-1,3.25,6.56,6.13,6.85
烹,peng1,v,3,16,29,7,4,11,2,18,2,-1,5.25,5.74,6.06,5.65
朋,peng2,n,1,40,438,277,2,8,4,1,1,0,3.42,5.27,6.58,5.75
棚,peng2,n,13,40,438,27,3,12,12,3,1,1,4.55,6.51,6.26,6.19
鹏,peng2,n,1,40,438,65,4,13,5,14,1,1,4.89,5.22,6.1,5.32
膨,peng2,v,1,40,438,17,5,16,4,13,1,1,5.42,4.73,5.19,5.46
捧,peng3,v,40,4,74,41,3,11,6,2,2,-1,3.72,5.7,6.78,6.03
碰,peng4,v,88,4,141,118,3,13,11,3,3,0,3.89,5.72,6.16,6.19
披,pi1,v,27,41,509,44,2,8,7,3,3,1,3.85,5.68,6.55,6.18
劈,pi1,v,13,41,509,30,5,15,14,4,4,1,4.98,5.74,6.16,5.58
霹,pi1,v,2,41,509,7,5,21,3,12,0,1,5.56,3.65,4.65,3.82
皮,pi2,n,44,41,479,261,1,5,67,2,4,0,3.05,6.38,6.61,6
脾,pi2,n,1,41,479,39,3,12,8,7,1,-1,5.53,5.59,5.19,5.14
癖,pi3,n,2,14,58,5,5,18,2,14,1,1,5.86,4.17,4.8,4.61
屁,pi4,n,21,17,130,38,3,7,5,13,1,-1,3.58,6.31,6.26,6.56
僻,pi4,a,1,17,130,17,5,15,10,5,3,1,5.35,4.05,5.16,4.54
骗,pian4,v,77,4,574,89,4,12,11,5,3,-1,4.08,5.08,6.47,6.07
漂,piao1,v,3,14,129,85,3,14,7,1,3,1,4.37,5.36,5.58,5.61
飘,piao1,v,28,14,129,87,4,15,22,2,1,1,4.1,4.95,6.52,6.58
瓢,piao2,n,8,3,10,5,3,16,4,2,1,1,4.53,6.53,5.26,6.62
瞟,piao3,v,3,6,6,8,3,16,1,8,1,1,5.4,5.51,5.81,5.79
票,piao4,n,101,7,125,156,2,11,19,4,3,0,3.82,6.61,6.75,5.91
撇,pie1,v,14,5,13,20,3,14,5,11,4,-1,5.03,4.97,5.45,5.29
瞥,pie1,v,11,5,13,24,3,16,3,18,1,-1,6.06,5.41,4.77,6.04
拼,pin1,v,8,6,87,55,3,9,9,3,2,-1,3.67,4.67,6.68,5.97
贫,pin2,a,16,13,161,108,3,8,18,4,3,-1,4.09,4.57,6.63,6.25
聘,pin4,v,15,5,7,32,3,13,7,13,2,0,5.94,4.95,6.13,5.46
平,ping2,a,20,41,1366,998,2,5,82,2,4,0,2.87,4.85,6.66,4.9
评,ping2,v,48,41,1366,194,3,7,20,3,1,1,4.4,4.82,6.5,4.55
屏,ping2,v,3,41,1366,45,3,9,11,2,3,-1,4.95,4.26,4.81,4.39
坡,po1,n,24,12,138,67,2,8,8,2,1,-1,3.83,6.27,6.13,6.43
泼,po1,v,10,12,138,31,4,8,6,2,2,-1,4.1,5.23,6.19,5.87
婆,po2,n,7,7,101,155,3,11,20,7,1,-1,3.55,5.82,6.68,5.62
迫,po4,v,2,16,585,125,2,8,23,8,3,-1,4.75,4.26,5.78,3.87
破,po4,v,63,16,585,336,2,10,43,2,4,-1,3.57,4.86,5.42,5.61
魄,po4,n,3,16,585,28,2,14,8,11,3,-1,5.69,2.95,5.03,4.24
剖,pou1,v,2,2,21,12,3,10,4,7,2,0,5.59,4.85,6.48,5.59
仆,pu1,n,1,16,174,55,2,4,11,13,2,1,4.58,5.46,5.32,5.11
扑,pu1,v,45,16,174,85,2,5,25,2,2,-1,3.79,5.45,6.68,5.82
铺,pu1,v,67,16,174,75,2,12,30,3,3,-1,4.47,5.17,4.81,6.11
朴,pu3,a,1,19,223,34,2,6,10,2,3,1,4.68,3.15,5.63,3.97
普,pu3,a,2,19,223,253,3,12,11,6,1,0,4.49,3.26,6.09,3.13
谱,pu3,n,12,19,223,26,4,14,9,10,3,1,5.17,5.57,5.57,5.14
妻,qi1,n,21,42,1369,195,2,8,7,9,2,0,4.21,6.51,6.84,6.85
栖,qi1,v,2,42,1369,11,2,10,3,5,2,-1,5.25,4.67,5.5,4.52
期,qi1,n,76,42,1369,734,3,12,54,3,3,1,3.87,3.11,6.32,3.73
欺,qi1,v,3,42,1369,63,4,12,11,4,2,1,4.45,4.33,6.44,4.84
漆,qi1,n,3,42,1369,31,4,14,19,6,2,1,4.63,6.18,6.19,5.71
齐,qi2,v,23,97,1479,219,2,6,17,2,4,0,3.83,4.05,4.75,4.45
奇,qi2,a,15,97,1479,456,3,8,45,2,3,0,3.5,3.79,6.63,5.29
骑,qi2,v,74,97,1479,102,5,11,9,3,2,1,3.8,5.84,6.37,6.7
棋,qi2,n,40,97,1479,61,3,12,8,10,1,1,3.97,6.63,6.81,6.55
旗,qi2,n,20,97,1479,89,4,14,20,1,3,1,3.81,6.54,6.63,6.74
企,qi3,n,18,27,3459,587,2,6,6,3,1,-1,4.39,3.78,5.03,4.11
启,qi3,v,2,27,3459,91,2,7,16,7,3,0,4.5,4,6.16,3.58
起,qi3,v,1142,27,3459,2546,3,10,92,1,5,-1,3.31,4.25,6.48,5.56
气,qi4,n,159,44,2641,1291,1,4,237,1,5,0,3.22,4.25,6.27,5.46
弃,qi4,v,8,44,2641,114,3,7,16,9,1,0,4.36,4.76,6.2,5.07
汽,qi4,n,2,44,2641,138,2,7,14,5,1,1,3.4,5.95,6.9,5.9
泣,qi4,v,1,44,2641,34,2,8,10,8,2,-1,4.45,5.51,6.41,6.19
砌,qi4,v,8,44,2641,8,3,9,4,8,1,-1,5.39,5.24,4.94,5.64
掐,qia1,v,14,2,7,9,3,11,1,9,2,0,4.45,5.51,6.38,5.77
迁,qian1,v,11,64,732,48,2,6,10,12,2,1,4.21,4.4,6.45,5.09
牵,qian1,v,22,64,732,65,3,9,11,5,2,0,3.82,5.48,6.55,6
铅,qian1,n,6,64,732,14,3,10,8,3,3,0,4.43,6.46,6.32,4.94
谦,qian1,a,1,64,732,39,3,12,5,7,1,-1,4.63,4,6.47,4.94
签,qian1,v,28,64,732,96,5,13,10,15,4,0,5,5.56,6.28,5.65
前,qian2,n,901,40,2639,1993,3,9,82,1,2,0,2.86,5.14,5.97,5.36
钱,qian2,n,976,40,2639,471,2,10,29,2,3,0,3.71,6.57,6.73,7
钳,qian2,v,1,40,2639,6,2,10,4,9,2,-1,5.18,5,5.44,5.32
掮,qian2,v,1,40,2639,1,3,11,2,20,1,-1,6.61,3.83,3.45,3.46
潜,qian2,a,1,40,2639,76,4,15,15,2,3,-1,5.18,3.6,4.81,3.74
浅,qian3,a,20,16,95,53,2,8,25,3,4,0,3.61,4.81,6.13,6
谴,qian3,v,1,16,95,12,5,15,1,10,1,1,5.91,4.41,5.23,4.57
欠,qian4,v,34,28,80,54,2,4,6,8,3,0,4.28,4.49,6.47,4.48
歉,qian4,n,2,28,80,49,4,14,6,8,2,-1,4.68,3.95,5.59,4.29
呛,qiang1,v,7,34,339,8,3,7,5,14,3,-1,4.81,5.49,5.48,5.75
枪,qiang1,n,39,34,339,186,3,8,46,2,2,-1,3.53,6.51,6.37,6.85
强,qiang2,a,214,17,812,726,3,12,60,4,4,-1,4.05,3.98,6.78,6
墙,qiang2,n,87,17,812,132,5,14,17,1,1,0,3.73,6.82,6.77,6.39
樯,qiang2,n,1,17,812,0,5,15,1,17,1,0,5.97,5.58,4.53,4.52
抢,qiang3,v,68,9,98,114,3,7,18,3,3,-1,3.78,5.78,6.52,6.85
跷,qiao1,v,1,30,218,7,4,13,3,3,2,-1,5.13,4.95,5.56,4.41
敲,qiao1,v,48,30,218,69,6,14,6,3,2,-1,4.16,6.03,6.77,6.69
锹,qiao1,n,13,30,218,3,3,14,1,9,1,-1,5.23,6.11,5.31,4.9
侨,qiao2,n,3,29,513,22,4,8,4,12,2,1,5.42,3.97,4.55,4.25
桥,qiao2,n,54,29,513,125,4,10,28,1,1,1,3.42,6.64,6.45,7
瞧,qiao2,v,403,29,513,162,4,17,7,3,1,-1,4.51,5.85,6.71,6.63
巧,qiao3,a,22,4,103,131,2,5,30,3,3,0,3.67,3.65,6.81,4.71
俏,qiao4,a,4,18,43,24,3,9,5,11,3,-1,4.77,4,5.84,6.07
翘,qiao4,v,13,18,43,14,4,12,4,2,3,-1,4.68,4.92,6.06,5.23
撬,qiao4,v,5,18,43,5,4,15,3,5,1,0,5.53,5.51,5,5.93
鞘,qiao4,n,2,18,43,8,3,16,1,11,2,-1,5.77,5.25,5.41,4.26
切,qie1,v,21,2,629,541,2,4,37,3,4,-1,3.6,5.15,6.42,5.58
妾,qie4,n,1,28,52,20,2,8,2,13,2,0,5.61,6.19,6.55,5.65
怯,qie4,a,2,28,52,27,3,8,8,12,1,-1,5,4.26,5.81,4.58
窃,qie4,v,2,28,52,33,4,9,8,6,2,1,5.38,5.45,6.39,5.68
亲,qin1,a,30,16,1079,830,2,9,68,1,4,0,3.05,3.9,6.58,5.09
侵,qin1,v,1,16,1079,76,4,9,11,9,2,0,4.98,4.79,6.48,4.45
琴,qin2,n,6,32,139,78,5,12,11,4,2,-1,3.82,6.69,6.84,6.79
禽,qin2,n,24,32,139,15,5,12,7,8,2,0,4.28,5.73,5.9,6.25
勤,qin2,a,12,32,139,75,3,13,21,5,3,0,4.26,4.36,6.44,4.65
擒,qin2,v,6,32,139,21,6,15,3,9,1,1,5.64,5.63,6.32,5.62
沁,qin4,v,2,12,3,14,2,7,3,6,3,-1,6.03,3.38,4.41,3.7
青,qing1,a,29,20,2178,521,2,8,76,1,3,0,3.23,4.67,6.03,5.55
氢,qing1,n,3,20,2178,4,3,9,10,17,1,0,6.31,5.05,6.29,4.76
轻,qing1,a,48,20,2178,691,3,9,47,1,4,0,3.48,4.67,6.63,5.65
倾,qing1,v,4,20,2178,91,4,10,23,6,3,1,4.72,4.23,5.94,4.26
清,qing1,a,93,20,2178,718,3,11,77,1,4,1,3.66,4.35,6.9,5.62
情,qing2,n,83,17,1389,1817,3,11,99,2,3,1,4.05,3.33,6.94,5.59
晴,qing2,a,7,17,1389,51,3,12,12,3,1,1,3.8,4.74,6.74,5.68
擎,qing2,v,3,17,1389,17,5,16,2,11,1,-1,6,4.87,4.88,4.39
请,qing3,v,535,9,367,528,3,10,23,1,2,1,3.38,3.83,6.9,5.38
庆,qing4,v,3,13,41,163,2,6,10,5,2,0,3.83,4.44,6.34,4.77
罄,qing4,v,2,13,41,1,5,17,1,24,1,0,6.63,4.3,3.16,4.14
穷,qiong2,a,99,30,146,87,3,7,22,2,4,0,3.65,4.79,6.72,5.61
丘,qiu1,n,1,29,172,43,1,5,7,7,3,0,4.38,6.03,6.03,5.68
秋,qiu1,n,37,29,172,185,2,9,33,1,3,0,3.2,5.33,6.53,6.18
囚,qiu2,v,1,54,839,20,2,5,12,5,2,0,4.74,5.45,5.56,5.97
求,qiu2,v,148,54,839,607,1,7,52,4,2,0,3.41,4.1,6.65,5.06
泅,qiu2,v,1,54,839,1,3,8,2,19,1,1,6.35,4.62,3.59,3.08
球,qiu2,n,114,54,839,293,2,11,42,3,3,1,2.95,6.84,6.81,6.77
区,qu1,n,242,43,1016,743,2,4,43,4,3,0,4.1,4.72,6.32,4.61
曲,qu1,n,15,43,1016,157,1,6,36,1,4,0,3.77,5.41,6.74,5.09
驱,qu1,v,3,43,1016,44,4,7,17,5,2,1,5.08,4.75,6.16,5.26
屈,qu1,v,12,43,1016,77,3,8,16,10,3,-1,4.69,4.33,6.09,5.15
躯,qu1,n,8,43,1016,39,3,11,5,5,1,1,4.6,6.08,5.97,6.14
趋,qu1,v,7,43,1016,53,4,12,9,15,3,-1,5.18,3.92,6,3.55
渠,qu2,n,3,39,2,33,3,11,6,4,3,-1,5.25,6.22,5.52,6.15
取,qu3,v,92,9,597,550,2,8,60,3,3,0,3.87,5.65,6.72,5.88
娶,qu3,v,58,9,597,47,3,11,2,7,1,1,4.54,5.6,6.68,6.24
去,qu4,v,2541,17,4226,3213,2,5,37,1,4,0,2.53,4.78,6.7,5.75
觑,qu4,v,1,17,4226,11,3,15,1,14,1,-1,6.61,4.49,3.71,4.61
趣,qu4,n,1,17,4226,154,4,15,16,3,2,1,4.29,3.68,5.97,4.44
全,quan2,a,750,48,2018,1648,2,6,53,2,3,0,3.1,3.95,6.48,5.06
权,quan2,n,123,48,2018,422,2,6,44,3,4,-1,4.83,3.68,6.13,4.39
泉,quan2,n,35,48,2018,68,2,9,16,2,2,0,3.47,6.44,6.87,6.61
拳,quan2,n,14,48,2018,89,3,10,10,4,3,-1,4,6.58,6.53,6.48
犬,quan3,n,13,9,8,18,1,4,3,14,1,0,3.89,6.75,6.93,6.48
劝,quan4,v,84,8,87,81,2,4,16,6,2,0,4.03,5.28,6.81,6.19
券,quan4,n,13,8,87,43,3,8,1,12,2,-1,5.49,5.9,6.23,5.15
缺,que1,v,68,3,217,143,2,10,16,3,3,0,4.29,4.38,5.75,4.88
瘸,que2,v,7,1,0,5,4,16,1,8,1,-1,5.4,5.82,4.66,5.42
雀,que4,n,3,29,1237,28,3,11,10,1,2,0,3.83,6.71,6.41,5.68
裙,qun2,n,8,6,723,38,3,12,8,5,1,-1,3.53,6.7,6.69,7
燃,ran2,v,8,13,2344,61,4,16,18,6,2,1,4.6,5.51,6.19,6.03
染,ran3,v,32,9,132,88,3,9,19,4,2,0,4.63,5.43,6.58,6.42
嚷,rang3,v,32,6,114,40,6,20,9,5,2,-1,4.82,5.8,6.57,5.38
壤,rang3,n,1,6,114,13,6,20,2,8,2,1,4.91,6.03,5.19,5.5
让,rang4,v,1268,4,558,908,2,5,14,1,3,0,3.18,4.15,6.55,5.41
饶,rao2,v,24,8,29,38,3,9,10,5,3,-1,5.17,4.3,5.26,4.67
扰,rao3,v,5,5,35,64,3,7,13,5,1,-1,4.73,4.95,6.47,4.97
绕,rao4,v,32,3,77,77,3,9,13,3,3,-1,4.58,4.95,6.13,5.19
惹,re3,v,29,1,31,50,4,12,5,3,1,-1,4.53,4.28,6.59,5.06
热,re4,a,100,2,666,415,3,10,91,1,3,-1,3.18,6.03,6.77,6.85
人,ren2,n,5636,13,9784,9790,1,2,278,1,3,0,1.86,5.73,7,6.85
仁,ren2,a,9,13,9784,104,2,4,16,6,2,-1,4.95,3.13,6.16,5.09
忍,ren3,v,44,10,122,215,3,7,17,6,2,1,4.25,4.49,6.58,5.39
刃,ren4,n,3,36,1460,26,2,3,5,15,2,0,5,6.34,6.09,5.39
认,ren4,v,81,36,1460,814,2,4,25,3,2,1,3.23,4.36,6.5,4.82
任,ren4,v,72,36,1460,878,3,6,44,5,4,1,4.33,3.43,5,3.68
扔,reng1,v,81,1,267,45,2,5,2,2,2,-1,3.67,6.21,6.81,6.42
绒,rong2,n,2,45,737,21,3,9,15,5,2,1,4.9,6.18,6.13,5.1
茸,rong2,n,2,45,737,6,2,9,9,1,1,-1,5.03,5,5.31,4.32
荣,rong2,a,3,45,737,184,3,9,11,3,2,0,4.21,3.28,6.19,4.68
容,rong2,v,18,45,737,535,4,10,44,2,4,0,4.31,3.59,5.61,3.71
溶,rong2,v,2,45,737,11,5,13,15,16,1,1,4.93,5.15,6.13,5.52
榕,rong2,n,1,45,737,4,5,14,1,7,2,1,5.2,5.77,6.13,4.65
熔,rong2,v,2,45,737,6,5,14,11,6,1,1,5.13,5.15,6.09,5.39
融,rong2,v,12,45,737,96,5,16,14,5,3,0,4.61,3.92,5.26,4.54
柔,rou2,a,3,20,74,174,2,9,15,6,2,-1,4.34,4,6.4,5.36
揉,rou2,v,10,20,74,24,3,12,4,6,1,1,4.6,5.85,6.22,6.03
肉,rou4,n,143,2,173,162,1,6,24,4,3,0,3.05,6.76,6.78,6.63
儒,ru2,n,1,30,1362,31,3,16,2,13,2,-1,5.78,4.23,5.88,3.94
乳,ru3,n,4,5,57,32,3,8,20,5,4,0,4.45,5.71,6.34,5.55
入,ru4,v,263,14,499,920,1,2,65,2,3,0,2.83,5.24,6.1,5.82
软,ruan3,a,55,17,95,119,3,8,26,5,3,-1,3.38,5.61,6.41,5.65
蕊,rui3,n,2,6,1,5,4,15,1,19,1,0,5.08,6.18,5.94,5.5
锐,rui4,a,1,12,49,52,4,12,9,5,3,-1,4.39,3.62,5.42,5.3
润,run4,a,3,6,55,68,3,10,16,4,4,1,4.93,3.92,5.91,4.45
弱,ruo4,a,33,17,256,137,4,10,31,7,3,0,3.85,4.41,6.66,4.93
撒,sa1,v,40,3,51,65,4,15,12,3,3,-1,4.44,5.1,6.06,5.53
洒,sa3,v,23,5,36,43,2,9,9,4,2,-1,3.97,5.71,6.61,5.65
塞,sai1,v,26,11,90,143,4,13,23,4,3,0,4.51,5.25,6.06,5.82
腮,sai1,n,3,11,90,9,3,13,6,8,1,-1,5.64,6.38,6.06,5.47
赛,sai4,n,88,4,81,291,4,14,11,3,2,0,4.05,4.53,6.61,5.65
伞,san3,n,31,13,43,19,3,6,8,1,2,0,3.03,6.95,6.93,6.52
散,san3,v,55,13,43,197,3,12,51,4,4,0,4.15,4.58,6,5.15
桑,sang1,n,4,3,18,83,4,10,7,6,1,0,4.5,6.22,5.35,5.18
嗓,sang3,n,1,7,43,31,5,13,5,4,2,1,4.38,6.16,6.52,5.48
丧,sang4,v,4,2,42,76,3,8,20,7,2,0,4.72,4.3,5.13,4.43
骚,sao1,a,3,14,26,30,5,12,6,17,3,-1,5.7,3.59,5.25,4.39
臊,sao1,v,2,14,26,3,5,17,4,15,2,0,5.6,3.72,4.59,3.9
扫,sao3,v,40,3,284,144,2,6,19,1,3,0,3.18,6.05,6.63,6.41
嫂,sao3,n,15,3,284,47,3,12,6,9,2,-1,4.68,6.34,6.41,5.87
色,se4,n,67,31,747,830,2,6,199,2,4,0,3.19,4.59,5.87,5.71
涩,se4,a,3,31,747,23,4,10,6,7,3,0,5.15,4.38,6.25,5.82
僧,seng1,n,7,2,2,41,4,14,2,16,1,-1,4.7,6.76,6.28,5.84
杀,sha1,v,69,27,562,393,2,6,30,2,4,0,3.49,6.08,6.77,6.64
沙,sha1,n,42,27,562,232,3,7,41,2,3,-1,3.28,6.5,6.53,6.79
纱,sha1,n,8,27,562,42,3,7,22,4,2,-1,4.53,6.13,6.16,5.5
刹,sha1,v,10,27,562,41,3,8,10,8,2,1,5.6,4.58,5.09,4.19
砂,sha1,n,7,27,562,13,3,9,20,16,2,-1,4.95,6.03,6.06,5.68
鲨,sha1,n,2,27,562,4,6,15,1,4,1,1,5.33,6.28,5.81,6.77
傻,sha3,a,76,3,50,68,6,13,13,2,1,0,3.69,4.78,6.57,6.21
煞,sha4,v,3,13,63,28,4,13,9,8,4,0,5.75,3.1,4.44,3.29
筛,shai1,v,1,4,13,6,4,12,4,12,3,-1,5.39,5.22,5,5.64
晒,shai4,v,19,2,31,17,2,10,3,2,1,-1,4.2,5.44,6.45,5.74
山,shan1,n,302,41,1142,942,1,3,120,1,2,0,2.3,6.87,6.87,6.7
删,shan1,v,3,41,1142,6,2,7,3,11,1,-1,5,5.74,6.56,5.42
杉,shan1,n,1,41,1142,14,2,7,4,13,1,-1,5.25,6.21,6.25,5.94
衫,shan1,n,2,41,1142,59,2,8,9,5,1,1,4.05,6.48,6.74,6.33
煽,shan1,v,1,41,1142,7,4,14,4,19,1,1,5.53,4.74,5.81,5.1
闪,shan3,v,50,10,162,178,2,5,20,1,3,0,3.87,4.82,6.13,5.74
善,shan4,a,26,38,199,228,3,12,24,5,4,0,3.97,4,6.26,5.32
擅,shan4,v,1,38,199,23,6,16,5,15,2,0,5.6,2.79,5.72,3.55
鳝,shan4,n,1,38,199,1,6,20,2,20,1,1,5.78,5.72,5.38,4.58
伤,shang1,v,72,17,622,396,3,6,43,2,4,0,3.79,4.7,6.29,6.26
晌,shang3,n,2,6,79,32,4,10,4,6,2,-1,5.23,4.13,4.91,3.87
赏,shang3,n,33,6,79,103,4,12,19,5,3,0,4.74,3.75,5.59,5.38
上,shang4,n,4106,8,7255,5878,1,3,140,1,5,0,2.18,4.68,5.63,4.32
梢,shao1,n,1,17,117,13,3,11,9,2,1,-1,4.94,5.7,4.81,5.46
烧,shao1,v,114,17,117,126,3,10,25,3,4,-1,3.67,5.92,6.52,6.33
勺,shao2,n,7,7,12,8,2,3,4,3,2,0,3.39,6.65,6.19,6.56
少,shao3,a,325,1,1078,995,2,4,38,3,3,0,2.54,4.77,6.72,5.23
哨,shao4,n,4,10,133,24,3,10,12,2,3,-1,4.11,6.23,6.07,5.57
赊,she1,v,8,8,6,2,3,11,3,11,1,1,5.82,4.9,6,5.12
舌,she2,n,3,5,96,55,2,6,11,5,2,0,2.63,6.89,6.69,6.1
蛇,she2,n,72,5,96,55,3,11,9,2,1,-1,3.17,6.75,6.19,6.85
舍,she3,v,17,2,79,115,3,8,22,5,3,0,4.03,3.95,5.29,4.21
设,she4,v,67,27,2353,671,3,6,27,5,2,0,4.5,3.57,5.43,4.18
社,she4,n,52,27,2353,752,2,7,19,5,2,-1,4.41,4.4,6.67,4.38
射,she4,v,13,27,2353,150,2,10,33,3,3,0,4.28,5.58,6.71,6.44
涉,she4,v,13,27,2353,72,3,10,9,8,3,0,5.61,3.81,5.03,3.89
摄,she4,v,3,27,2353,90,4,13,6,5,3,-1,5.49,4.41,5.71,5.14
申,shen1,v,1,44,2013,83,1,5,8,12,3,0,4.41,3.03,5.41,3.55
伸,shen1,v,99,44,2013,172,2,7,11,2,2,1,3.69,5.46,6.26,6.04
身,shen1,n,288,44,2013,1742,1,7,93,1,4,0,3.13,5.6,6.73,5.68
绅,shen1,n,1,44,2013,19,2,8,8,7,2,1,5.49,3.72,4.32,4.5
深,shen1,a,198,44,2013,655,4,11,66,2,4,0,3.62,5.1,6.68,6
神,shen2,a,60,4,550,943,2,9,72,2,3,1,4.14,2.76,5.68,4.56
审,shen3,v,4,24,196,138,2,8,20,6,3,1,4.64,4.41,5.84,5.15
婶,shen3,n,23,24,196,16,3,11,6,6,1,1,3.77,6.49,6.13,6.88
肾,shen4,n,14,19,231,5,3,8,5,16,1,0,5.45,6.57,6.39,6.13
渗,shen4,v,3,19,231,17,4,11,6,6,1,-1,5.73,4.63,6.16,5.82
升,sheng1,v,76,27,5116,154,2,4,22,2,3,0,3.49,5.08,6.65,6.12
生,sheng1,v,194,27,5116,3179,2,5,183,1,5,0,2.75,4.05,6.1,4.43
声,sheng1,n,182,27,5116,1532,2,7,104,2,4,0,3.2,6.19,6.56,5.77
胜,sheng1,v,33,27,5116,246,3,9,31,3,4,1,3.86,4.05,6.32,5.32
绳,sheng2,n,8,8,159,43,3,11,12,4,1,0,3.45,6.97,6.44,6.48
省,sheng3,n,590,4,259,428,3,9,24,2,4,0,3.74,4.6,6.68,5.18
圣,sheng4,n,5,16,588,159,2,5,12,7,3,0,4.03,3.89,5.06,3.43
盛,sheng4,v,20,16,588,131,3,11,26,2,4,-1,4.15,5.03,6.61,5.12
剩,sheng4,v,65,16,588,77,4,12,6,4,1,-1,4.15,4.28,6.16,4.19
尸,shi1,n,8,41,1454,73,1,3,6,10,3,0,4.31,6.42,6.37,6.52
失,shi1,v,34,41,1454,549,2,5,74,4,4,0,3.36,4.3,6.37,4.64
师,shi1,n,63,41,1454,662,3,6,54,1,4,0,2.95,6.25,6.67,6.27
诗,shi1,n,51,41,1454,180,3,8,17,5,1,-1,3.67,6.13,6.94,5.74
施,shi1,v,11,41,1454,337,3,9,16,2,3,0,4.88,3.95,6.42,3.84
狮,shi1,n,3,41,1454,26,4,9,3,2,1,1,3.8,6.76,6.42,6.72
湿,shi1,a,17,41,1454,56,3,12,15,2,1,0,3.53,6.23,6.93,6.27
石,shi2,n,62,42,8844,507,1,5,102,2,2,0,2.62,6.62,6.81,6.1
时,shi2,n,1078,42,8844,3913,2,7,104,1,4,-1,3.31,3.65,6.33,4.64
识,shi2,v,13,42,8844,483,3,7,23,3,4,-1,3.61,4.24,6.3,4.79
实,shi2,a,31,42,8844,1621,3,8,98,2,3,0,3.67,3.43,5.48,4.04
拾,shi2,v,13,42,8844,57,4,9,4,3,2,-1,4.28,5.68,5.94,5.75
食,shi2,n,15,42,8844,254,1,9,59,3,3,0,3.35,5.89,6.42,5.87
使,shi3,v,1086,14,2222,1175,2,8,38,2,4,-1,4.1,3.31,6.35,3.55
始,shi3,v,4,14,2222,515,3,8,13,2,2,-1,4.15,3.46,5.16,3.29
驶,shi3,v,36,14,2222,65,3,8,6,4,2,1,4.87,5.21,6.41,5.35
屎,shi3,n,20,14,2222,8,2,9,4,14,1,-1,3.64,6.89,6.74,6.58
市,shi4,n,847,86,24344,1208,2,5,38,2,3,0,3.44,5.46,6.23,5.46
示,shi4,v,8,86,24344,383,1,5,24,2,1,0,4.25,3.72,6.23,3.74
事,shi4,n,1015,86,24344,2577,1,8,110,2,4,0,3.33,4.38,6.9,5.25
势,shi4,n,19,86,24344,404,3,8,52,5,3,-1,4.7,3.1,6,3.55
视,shi4,v,37,86,24344,524,2,8,59,2,3,-1,3.81,5.35,6.62,5.24
试,shi4,v,103,86,24344,248,3,8,24,3,2,1,3.89,4.16,6.33,4.82
饰,shi4,v,2,86,24344,74,3,8,12,6,3,0,4.74,4.14,5.84,5.41
室,shi4,n,111,86,24344,319,3,9,23,2,2,-1,3.97,6.21,6.63,5.9
恃,shi4,v,1,86,24344,9,3,9,2,15,1,-1,5.93,3.77,5.03,3.45
拭,shi4,v,1,86,24344,13,3,9,4,12,1,1,5.11,5.33,5.03,5.64
是,shi4,v,14829,86,24344,13713,3,9,70,1,5,0,2.67,3.1,5.91,4.03
逝,shi4,v,4,86,24344,39,3,10,6,4,2,-1,5.21,4.15,6.09,5.06
嗜,shi4,v,1,86,24344,9,4,13,4,16,1,0,6.21,3.65,4.78,4.09
誓,shi4,n,4,86,24344,45,3,14,7,8,2,-1,5.31,3.78,5.94,4.59
收,shou1,v,211,2,482,563,2,6,58,1,4,0,3.31,4.88,6.77,5.71
手,shou3,n,662,6,2127,2051,1,4,171,2,4,0,2.38,6.9,7,6.94
守,shou3,v,64,6,2127,225,2,6,44,5,3,0,3.75,4.27,5.9,5
寿,shou4,n,3,17,897,58,2,7,13,4,3,0,4.46,3.65,6.44,4.97
受,shou4,v,331,17,897,827,3,8,43,5,3,0,4,3.77,6.35,4.03
兽,shou4,n,10,17,897,39,4,11,15,7,1,0,4.42,5.73,5.77,6.69
售,shou4,v,57,17,897,129,3,11,9,14,1,0,4.28,5.83,6.8,6.03
授,shou4,v,3,17,897,116,4,11,11,5,2,1,5.33,4.49,6.34,4.03
瘦,shou4,a,37,17,897,59,3,14,19,4,2,-1,3.75,5,6.6,6.25
书,shu1,n,401,42,1473,949,1,4,75,2,3,0,2.58,6.86,6.91,6.67
抒,shu1,v,1,42,1473,9,2,7,4,11,1,-1,5.28,3.25,5.84,4.44
叔,shu1,n,33,42,1473,112,3,8,12,2,2,0,3.08,6.55,6.59,6.13
梳,shu1,v,4,42,1473,25,4,11,6,9,2,0,4.23,6.19,6.45,6.3
淑,shu1,a,1,42,1473,32,4,11,1,16,1,1,5.98,3.38,5.66,3.84
疏,shu1,v,3,42,1473,40,5,12,18,5,4,0,4.97,3.95,4.91,4.24
舒,shu1,v,7,42,1473,116,4,12,8,3,2,-1,4.51,4.19,4.87,4.71
输,shu1,v,56,42,1473,110,5,13,12,3,3,-1,4.18,4.54,6.56,4.77
赎,shu2,v,4,9,258,10,5,12,4,19,2,-1,5.66,4.45,6.03,5.12
熟,shu2,a,25,9,258,158,5,15,28,2,4,1,3.75,4.51,6.75,5.81
暑,shu3,n,1,21,321,18,3,12,7,2,1,-1,3.92,5.14,5.74,5.14
署,shu3,n,9,21,321,70,3,13,8,10,3,-1,5.41,3.72,4.84,3.82
鼠,shu3,n,4,21,321,42,2,13,12,1,1,0,3.13,7,6.74,6.77
曙,shu3,n,1,21,321,6,4,17,2,23,1,1,5.75,5.21,5.69,4.39
术,shu4,n,17,36,2121,527,2,5,16,3,3,0,3.72,3.54,5.9,3.89
述,shu4,v,3,36,2121,144,3,8,19,9,1,1,4.31,4.54,6,5.39
树,shu4,n,176,36,2121,274,3,9,44,1,3,-1,2.92,6.69,6.63,6.93
竖,shu4,v,11,36,2121,23,3,9,6,3,3,-1,3.86,5.83,5.58,5.96
恕,shu4,v,6,36,2121,23,3,10,4,7,1,-1,5.2,4.33,5.66,4.43
漱,shu4,v,5,36,2121,9,4,14,3,3,1,1,4.65,5.38,6.19,5.48
刷,shua1,v,13,2,88,42,3,8,13,6,3,0,3.92,6.08,6.87,6.15
耍,shua3,v,23,1,0,30,2,9,21,2,3,0,4.31,4.95,6.16,5.35
衰,shuai1,v,3,2,99,33,3,10,13,11,3,0,5.17,3.84,5.26,4.75
摔,shuai1,v,69,2,99,42,5,14,4,4,3,1,3.85,5.9,6.69,6.27
甩,shuai3,v,50,1,28,33,2,5,2,2,2,0,4.06,4.97,6.4,6.52
帅,shuai4,a,7,4,169,55,2,5,7,15,2,-1,4.71,4.11,6.5,6.26
拴,shuan1,v,23,4,29,8,3,9,1,7,1,-1,4.8,5.41,5.94,5.13
栓,shuan1,n,2,4,29,5,3,10,4,11,1,-1,5.25,5.8,4.58,5.46
涮,shuan4,v,6,2,0,2,4,11,3,22,2,-1,5.43,5.84,6.35,6.16
霜,shuang1,n,13,15,264,37,3,17,9,3,2,-1,4.29,6.25,5.97,6.33
爽,shuang3,a,1,6,37,37,5,11,18,5,3,0,4.78,4.46,6.77,5.65
水,shui3,n,718,4,1843,1064,1,4,209,1,4,0,2.25,6.81,6.84,6.74
税,shui4,n,43,8,423,154,4,12,14,13,1,-1,5.18,5.49,6.25,5.37
睡,shui4,v,193,8,423,248,2,13,23,1,1,-1,3.22,5.95,6.82,6.58
吮,shun3,v,2,2,7,6,3,7,5,6,1,-1,4.81,5.92,6.1,6.43
顺,shun4,a,19,9,193,214,3,9,36,1,4,-1,4.18,3.74,5.84,4.52
说,shuo1,v,5044,4,5781,5195,4,9,89,1,4,-1,2.77,6.21,7,6.26
烁,shuo4,n,1,18,24,18,2,9,2,5,1,-1,5.36,3.83,4.38,4.15
司,si1,n,12,49,1483,696,3,5,20,2,2,0,4.22,3.32,5.55,3.93
私,si1,n,7,49,1483,158,2,6,30,4,2,0,4.54,3.03,5.25,3.79
思,si1,v,18,49,1483,753,2,9,49,3,3,0,3.72,4.32,6.35,5.57
撕,si1,v,23,49,1483,29,4,15,2,2,1,1,4.6,5.72,6.62,6.41
死,si3,v,548,1,589,826,2,6,63,1,2,0,3.34,5.05,6.43,6.63
寺,si4,n,5,44,1824,57,2,6,3,5,2,0,4.38,6.1,6.73,6.21
伺,si4,v,1,44,1824,16,4,7,5,14,2,1,5.64,4,5.25,4.29
似,si4,v,27,44,1824,531,3,6,26,3,3,-1,4.21,2.63,4.58,3.47
饲,si4,v,1,44,1824,16,4,8,4,3,1,1,4.64,4.89,5.23,5.11
嗣,si4,n,1,44,1824,15,5,13,3,15,2,1,6.37,4.62,3.71,4
松,song1,v,22,20,169,228,3,8,52,1,4,-1,3.85,5.44,4.75,5.03
耸,song3,v,12,11,26,50,3,10,4,5,2,-1,5.05,5.2,6.06,5.44
送,song4,v,493,10,488,381,3,9,26,1,3,0,3.48,5.15,6.66,6.16
颂,song4,v,1,10,488,18,4,10,11,14,2,-1,4.98,4.1,6.19,4.42
搜,sou1,v,4,22,73,50,3,12,9,5,2,1,4.67,5.75,6.65,6
馊,sou1,a,3,22,73,2,3,12,1,15,1,1,5.46,4.48,5.84,5.26
酥,su1,a,1,11,38,8,2,12,9,12,3,-1,5.05,5.1,5.88,4.81
俗,su2,a,11,1,39,76,4,9,16,5,3,-1,4.69,3.56,6.63,4.94
夙,su4,a,1,55,1204,4,2,6,8,15,2,-1,6.46,3.16,3.26,2.36
诉,su4,v,2,55,1204,370,2,7,13,2,2,-1,4.18,4.79,6.38,4.94
速,su4,a,2,55,1204,272,2,10,31,5,2,-1,4.25,4.14,5.26,4.68
塑,su4,v,3,55,1204,43,4,13,12,3,1,-1,5.43,4.26,5.5,3.87
酸,suan1,a,23,3,111,58,4,14,59,5,4,-1,3.54,5.97,6.9,6.18
算,suan4,v,342,5,638,550,3,14,48,2,3,0,3.58,4.92,6.19,5.96
碎,sui4,v,34,36,486,84,5,13,14,3,2,-1,4.37,4.8,5.53,5.71
穗,sui4,n,1,36,486,7,3,17,7,4,3,-1,5.03,6,6.27,5.79
孙,sun1,n,6,12,26,206,2,6,11,4,3,-1,3.53,4.3,6.19,5.36
损,sun3,a,11,10,92,119,3,10,15,9,3,0,4.75,4.03,5.03,4.43
笋,sun3,n,2,10,92,5,2,10,5,2,1,-1,4.83,6.53,5.71,6.67
嗦,suo1,n,1,19,132,13,4,13,3,12,0,1,5.44,3.44,3.66,3.29
缩,suo1,v,10,19,132,83,5,14,20,6,3,-1,4.25,5.15,6.28,5
索,suo3,v,3,15,1654,218,3,10,33,4,4,0,5.18,4.1,5.56,4.18
锁,suo3,v,27,15,1654,75,3,12,10,6,3,1,4.08,6.23,6.77,6.24
塌,ta1,v,8,12,13130,21,4,13,14,5,3,1,4.97,5.21,6.03,5.45
塔,ta3,n,6,7,3,135,5,12,6,2,2,0,4.03,6.66,5.74,6.93
踏,ta4,v,43,27,88,68,4,15,8,3,2,1,4.21,5.65,6.83,6.06
胎,tai1,n,9,6,41,31,3,9,13,9,3,1,4.75,5.79,6.48,5.29
抬,tai2,v,125,21,552,143,3,8,9,2,2,1,3.64,5.76,6.45,6.04
苔,tai2,n,1,21,552,8,3,8,5,6,2,1,5,5.49,5.71,4.74
坍,tan1,v,1,16,123,4,2,7,2,20,1,-1,6.28,4.24,4.06,4.36
贪,tan1,v,6,16,123,43,4,8,12,5,1,-1,4.23,4.1,6.55,5.74
摊,tan1,n,17,16,123,50,4,13,9,2,3,-1,4.79,4.65,6.03,5.26
滩,tan1,n,8,16,123,35,4,13,6,2,2,-1,5.3,6.26,6,5.35
瘫,tan1,v,4,16,123,14,4,15,4,13,1,-1,5.97,5.08,5.28,4.77
坛,tan2,n,2,34,470,50,3,7,9,3,3,0,4.25,6.53,5.61,6.26
谈,tan2,v,454,34,470,503,3,10,34,3,2,-1,3.88,5.64,6.75,6.16
痰,tan2,n,5,34,470,4,3,13,2,10,1,-1,4.72,6.18,6.71,6.15
潭,tan2,n,3,34,470,16,4,15,3,4,1,1,5.11,6.47,6.26,5.32
毯,tan3,a,1,14,77,21,3,12,3,3,1,-1,4.33,4.92,4.29,5.18
叹,tan4,v,24,14,559,178,2,5,16,3,2,0,4.08,5,5.8,6.19
炭,tan4,n,5,14,559,27,3,9,13,8,3,-1,4.78,6.47,6.42,5.94
探,tan4,v,33,14,559,180,4,11,26,5,4,0,4.63,4.47,6.31,4.39
汤,tang1,n,45,14,46,88,2,6,13,11,3,0,3.48,6.62,6.81,6.43
堂,tang2,n,18,39,331,237,4,11,53,1,3,0,4.08,5.15,6.03,4.5
塘,tang2,n,6,39,331,24,4,13,11,3,2,1,4.63,5.92,5.61,6.19
搪,tang2,v,5,39,331,4,4,13,3,11,3,1,5.73,4.05,4.44,3.53
膛,tang2,n,2,39,331,22,5,15,5,3,2,1,5.23,6,5.59,5.48
糖,tang2,n,34,39,331,40,4,16,17,7,2,1,3.19,6.69,6.5,6.86
淌,tang3,v,10,15,154,12,4,11,2,4,1,-1,5.17,5.5,5.23,5.82
躺,tang3,v,101,15,154,85,4,15,4,3,1,-1,3.95,6.36,6.68,6.7
烫,tang4,v,21,4,72,19,3,10,5,6,2,1,4.6,5.49,6,5.65
涛,tao1,n,3,24,106,55,3,10,13,6,1,-1,4.69,5.58,6.34,5.44
掏,tao1,v,63,24,106,36,3,11,2,7,2,1,4.03,5.69,6.52,6.23
逃,tao2,v,38,26,421,179,2,9,24,2,2,-1,3.67,5.48,6.65,6.39
桃,tao2,n,3,26,421,51,2,10,18,2,2,-1,3.18,7,6.63,6.32
陶,tao2,n,8,26,421,75,3,10,7,7,3,0,5.08,5.77,5.59,4.58
淘,tao2,v,3,26,421,17,3,11,5,2,3,1,4.64,4.6,5.91,5.29
讨,tao3,v,68,3,0,201,2,5,22,4,4,0,4.18,3.58,6.06,4.85
疼,teng2,a,48,20,192,75,3,10,5,3,2,-1,3.49,5.38,6.81,6.44
腾,teng2,v,15,20,192,85,5,13,33,4,3,0,5.42,4.25,5.97,4.65
藤,teng2,n,2,20,192,32,5,18,6,3,2,1,5.45,6.61,5.75,6.07
剔,ti1,v,2,7,84,11,4,10,5,9,2,-1,5.28,5,5.29,5.37
梯,ti1,n,1,7,84,68,4,11,11,4,2,-1,3.95,6.58,6.9,5.88
踢,ti1,v,45,7,84,41,5,15,7,7,1,-1,3.83,6,6.59,6.17
啼,ti2,v,3,40,1873,16,5,12,8,4,2,-1,4.75,5.56,5.84,5.61
提,ti2,v,372,40,1873,847,4,12,42,2,4,-1,3.62,5.95,6.8,5.74
题,ti2,n,33,40,1873,740,5,15,23,4,2,-1,3.67,5.89,6.87,5.6
蹄,ti2,n,1,40,1873,17,6,16,4,3,1,-1,4.28,6.51,5.48,6.63
体,ti3,n,13,6,1081,1065,2,7,117,2,3,-1,3.5,4.97,6.47,4.77
屉,ti4,n,2,31,242,10,2,8,4,3,1,-1,4.83,6.14,5.66,5.42
剃,ti4,v,10,31,242,8,4,9,1,23,1,-1,4.44,6.03,5.77,6.11
添,tian1,v,37,8,3172,44,4,11,9,2,1,0,4.38,4.77,6.13,5.03
田,tian2,n,43,26,319,239,1,5,34,2,2,0,2.7,6.81,6.68,6.55
甜,tian2,a,35,26,319,68,3,11,15,4,1,0,3.11,5.14,6.6,6.69
填,tian2,v,34,26,319,31,4,13,4,8,2,-1,4.38,5.32,6.52,5.1
腆,tian3,v,2,19,17,4,3,12,2,8,2,1,6.17,3.49,3.52,3.75
舔,tian3,v,12,19,17,9,5,14,1,5,1,0,4.58,5.85,6.06,6.29
挑,tiao1,v,69,7,139,123,2,9,19,2,4,-1,4.28,5.55,6.65,5.68
眺,tiao4,v,2,9,320,8,2,11,3,4,1,-1,5.56,5.28,5.38,4.88
跳,tiao4,v,125,9,320,232,3,13,32,2,2,-1,3.18,6.1,6.9,6.94
贴,tie1,v,68,6,0,99,3,9,23,5,3,-1,4.13,5.62,6.48,5.19
铁,tie3,n,83,9,560,336,3,10,53,2,1,-1,4.11,6.26,6.81,6.42
帖,tie4,n,2,4,0,20,3,8,18,13,4,-1,5.05,6.08,6.19,5.15
厅,ting1,n,40,18,1261,177,2,4,9,6,2,-1,3.9,6.1,6.74,5.97
听,ting1,v,891,18,1261,1091,2,7,47,1,4,-1,2.89,5.38,6.9,6.25
亭,ting2,n,8,20,482,52,4,9,11,7,2,-1,4.17,6.05,6.19,6.32
庭,ting2,n,3,20,482,175,4,9,9,5,2,1,4.18,5.28,6.28,5.18
停,ting2,v,88,20,482,313,5,11,22,2,2,1,3.62,5.28,6.77,6.15
艇,ting3,n,19,15,143,34,4,12,8,2,1,1,5.08,6,5.16,6.48
通,tong1,v,94,8,753,843,4,10,96,2,4,-1,3.83,3.74,5.77,4.46
桐,tong2,n,1,42,2855,20,4,10,6,3,1,1,5.11,5.97,5.1,5.5
铜,tong2,n,25,42,2855,52,4,11,24,4,1,1,4.67,6.79,6.53,5.79
统,tong3,v,3,7,664,530,4,9,25,6,2,-1,5,2.84,5.84,3.77
捅,tong3,v,13,7,664,7,4,10,2,6,1,0,4.68,5.49,6.06,5.55
桶,tong3,n,8,7,664,28,4,11,17,8,1,0,3.67,6.67,6.81,6.47
筒,tong3,n,28,7,664,36,4,12,9,8,1,1,4.22,6.16,5.81,6.5
痛,tong4,a,28,4,244,304,4,12,41,4,3,-1,3.33,4.61,6.1,6.46
偷,tou1,v,63,5,138,140,5,11,19,1,3,-1,3.95,5.79,6.57,6.2
头,tou2,n,430,6,2596,1985,2,5,263,1,5,0,2.59,6.9,7,6.67
投,tou2,v,68,6,2596,382,3,7,31,2,4,-1,4.06,5.46,6.29,5.11
透,tou4,v,53,1,199,142,3,10,21,2,3,-1,4.46,4,5.38,4.71
凸,tu1,v,3,16,329,9,1,5,4,13,1,0,5.15,5.18,4.84,5.35
秃,tu1,a,7,16,329,19,2,7,7,9,3,0,4.31,5.49,6.1,6.2
图,tu2,v,38,35,658,400,3,8,45,3,3,0,3.37,5.14,4.9,5.43
涂,tu2,v,10,35,658,56,4,10,13,3,3,-1,4.39,5.14,5.71,5.64
途,tu2,n,4,35,658,118,4,10,21,5,1,-1,4.64,4.6,6.35,4.56
土,tu3,n,60,6,641,307,1,3,84,2,4,0,2.22,6.49,6.63,6.48
吐,tu3,v,48,6,641,80,2,6,13,3,2,1,3.2,5.79,6.59,6.13
兔,tu4,n,7,7,57,22,3,8,5,1,1,0,2.81,6.86,6.45,7
团,tuan2,n,173,17,540,485,2,6,44,2,4,0,3.68,5.23,6.41,4.97
推,tui1,v,154,3,349,390,3,11,42,2,4,0,3.56,6.26,6.86,6.38
腿,tui3,n,148,6,178,119,3,13,22,2,2,1,3.3,6.82,6.81,6.47
退,tui4,v,88,7,189,249,2,9,31,5,3,0,3.69,5.53,6.52,6.04
褪,tui4,v,2,7,189,9,3,14,3,14,2,1,4.93,4.87,5.94,4.32
吞,tun1,v,11,9,63,58,3,7,24,2,1,-1,3.21,6,6.47,6.39
屯,tun2,n,17,13,19,14,1,4,5,11,3,0,5.23,4.69,4.78,3.24
托,tuo1,v,59,25,365,210,3,6,25,3,4,0,4.39,4.75,6.22,5.24
拖,tuo1,v,48,25,365,85,3,8,12,4,2,0,3.74,5.65,6.68,6.15
脱,tuo1,v,79,25,365,202,4,11,35,4,3,-1,3.79,5.7,6.71,6.64
驮,tuo2,v,7,35,123,5,3,6,3,3,2,-1,5.16,5.5,6.47,5.44
妥,tuo3,v,14,12,34,42,2,7,7,7,1,0,5.18,2.97,4.45,3.53
拓,tuo4,v,2,9,26,43,2,8,7,16,3,-1,5.56,3.5,5.91,3.85
娃,wa2,n,18,20,63,69,3,9,12,2,2,-1,3.31,6.22,6.5,6.41
挖,wa1,v,57,20,201,48,4,9,8,3,1,1,3.77,5.68,6.71,6.48
洼,wa1,a,1,20,201,7,3,9,7,3,2,-1,5.54,4.77,4.38,4.03
蛙,wa1,n,1,20,201,9,3,12,5,1,1,-1,3.78,6.84,6.56,6.45
瓦,wa3,n,14,6,48,111,1,4,18,1,3,0,3.34,6.62,5.9,6.85
袜,wa4,n,4,8,27,12,2,10,4,2,1,-1,3.64,6.67,6.93,6.64
歪,wai1,a,18,3,43,30,3,9,9,4,2,0,3.78,5.19,6.26,6.11
外,wai4,n,441,2,1371,1436,2,5,124,2,4,0,2.97,4.38,5.52,4.57
弯,wan1,v,18,14,129,66,3,9,15,1,3,-1,3.78,5.16,5.77,5.68
剜,wan1,v,4,14,129,1,4,10,1,13,1,1,5.85,5.03,4.81,4.74
湾,wan1,n,6,14,129,120,4,12,5,4,3,1,4.28,5.17,5.77,5.93
丸,wan2,n,6,18,1063,19,1,3,5,11,1,0,4.1,5.65,6.65,6.42
完,wan2,v,397,18,1063,698,3,7,20,2,3,-1,2.74,4.49,6.42,5.64
玩,wan2,v,144,18,1063,211,3,8,20,1,4,-1,2.95,5.38,6.91,6.06
顽,wan2,a,1,18,1063,37,4,10,11,2,3,-1,4.6,3.87,5.88,4.48
挽,wan3,v,8,29,651,36,3,10,8,3,3,-1,5.08,5.15,6.06,5.38
晚,wan3,a,73,29,651,449,3,11,28,1,3,-1,3.08,4.43,6.68,6.21
碗,wan3,n,60,29,651,57,4,13,4,3,2,1,3.2,6.58,6.77,6.89
腕,wan4,n,3,15,787,32,4,12,7,14,1,1,4.95,6.1,6.45,5.41
亡,wang2,v,6,8,259,126,1,3,21,6,3,0,3.97,4.32,5.68,5.5
王,wang2,n,20,8,259,837,1,4,28,2,3,0,2.53,4.92,6.73,5.61
网,wang3,n,90,19,846,148,3,6,18,4,3,0,4.26,6.05,6.78,6.06
忘,wang4,v,156,7,951,217,2,7,18,4,1,1,3.05,5.1,6.84,5.76
旺,wang4,a,10,7,951,36,2,8,5,8,1,1,3.94,3.68,6.33,4.86
望,wang4,v,139,7,951,841,3,11,54,2,4,1,4.18,5.46,6.68,5.61
危,wei1,a,8,34,671,157,3,6,23,4,3,0,3.82,4.13,6.16,5.41
威,wei1,a,2,34,671,274,3,9,28,3,2,0,4.74,3.33,5.94,4.23
偎,wei1,v,1,34,671,10,4,11,3,6,1,1,5.5,4.59,5.39,5.81
微,wei1,a,15,34,671,386,5,13,50,1,3,0,4.33,3.49,6.22,4.52
围,wei2,v,53,44,4596,277,2,7,33,3,3,1,4.18,5.13,6.19,5.03
违,wei2,v,5,44,4596,83,2,7,13,8,2,1,4.7,3.97,6.28,4.48
伟,wei3,a,1,66,989,140,2,6,13,3,1,1,3.63,3.46,6.29,4.07
伪,wei3,a,8,66,989,55,2,6,9,11,2,1,5,3.78,6.06,4.41
尾,wei3,n,12,66,989,78,2,7,22,1,4,0,3.25,6.29,6.61,6.13
苇,wei3,n,1,66,989,8,2,7,13,4,1,1,5.23,5.92,5.55,5.89
委,wei3,n,8,66,989,524,2,8,44,6,4,0,4.69,3.62,4.74,3.36
卫,wei4,v,3,51,1682,283,2,3,23,2,2,0,3.71,4.25,5.44,4.21
味,wei4,n,53,51,1682,229,2,8,32,3,4,1,3.49,4.35,5.87,5.32
畏,wei4,v,2,51,1682,37,3,9,9,14,2,0,5.03,4.62,5.94,4.74
胃,wei4,n,11,51,1682,26,2,9,9,5,1,0,4.03,6.42,6.78,6.5
谓,wei4,v,8,51,1682,116,3,11,6,8,2,1,5.14,3.19,5.16,3.18
慰,wei4,v,2,51,1682,82,4,15,13,7,2,1,5.25,4.56,6.09,4.84
温,wen1,n,3,18,334,267,3,12,48,3,4,0,3.9,4.54,5.41,4.39
瘟,wen1,n,1,18,334,5,3,14,2,17,1,0,5.89,4.7,4.68,4.74
文,wen2,n,60,27,1337,1308,1,4,115,2,4,0,3.11,3.81,6.48,4.64
纹,wen2,n,7,27,1337,36,2,7,15,3,2,1,4.56,5.18,6,5.62
闻,wen2,v,62,27,1337,341,2,9,22,3,3,-1,3.55,6.03,6.68,6.3
蚊,wen2,n,2,27,1337,10,2,10,4,2,1,1,3.78,6.43,6.42,6.86
吻,wen3,v,8,13,119,98,3,7,6,2,2,-1,5.1,6.41,6.42,6.73
稳,wen3,a,48,13,119,158,4,14,18,3,2,-1,4.26,5.08,6.61,6.27
问,wen4,v,703,12,1661,1558,2,6,42,2,3,-1,2.81,5.89,6.83,6.48
瓮,weng4,n,4,5,7,3,3,8,8,19,1,-1,6.09,5.75,4.94,5.75
涡,wo1,n,1,16,163,8,3,10,6,11,2,1,5.83,5.24,3.97,4.54
窝,wo1,n,16,16,163,51,4,12,35,3,4,1,4.09,5.94,5.97,6.74
卧,wo4,v,15,22,246,52,2,8,16,4,2,0,4.35,6.26,6.59,6.52
握,wo4,v,37,22,246,173,4,12,6,2,1,-1,3.85,6.24,6.74,6.16
乌,wu1,a,1,29,653,108,2,4,23,2,3,0,3.73,4.42,5.41,4.39
污,wu1,n,2,29,653,68,3,6,23,5,1,-1,4.13,5.21,5.53,5.77
屋,wu1,n,230,29,653,256,3,9,24,1,2,0,3.28,6.72,6.72,6.42
无,wu2,v,414,27,1341,1976,2,4,216,2,2,0,3.17,3.7,5.26,4.54
武,wu3,n,13,39,1764,456,3,8,32,5,3,0,4.2,4.16,5.84,4.68
侮,wu3,a,1,39,1764,20,3,9,3,10,1,-1,5.25,3.64,4.97,3.87
捂,wu3,v,19,39,1764,15,3,10,1,2,1,1,4.64,5.38,5.48,5.64
舞,wu3,n,24,39,1764,195,5,14,29,2,2,0,4.19,5.7,6.3,6.37
物,wu4,n,49,47,2577,813,3,8,88,2,2,1,4.08,3.7,6.93,5.41
误,wu4,v,20,47,2577,143,4,9,14,8,3,1,4.18,3.74,5.75,4.35
悟,wu4,v,9,47,2577,49,3,10,8,9,1,1,5.17,3.72,6.23,5
雾,wu4,n,33,47,2577,56,3,13,17,4,2,1,3.97,6.43,6.52,6.85
夕,xi1,n,3,129,2200,44,1,3,7,7,2,0,3.69,4.95,5.52,5.61
西,xi1,n,109,129,2200,1120,1,6,34,2,2,0,3.16,4.98,6.61,5.21
吸,xi1,v,33,129,2200,196,2,6,22,4,2,-1,3.3,6.03,6.61,6.13
希,xi1,a,2,129,2200,412,3,7,5,4,2,0,4,2.53,4.72,3.65
昔,xi1,n,3,129,2200,32,2,8,4,7,1,0,4.77,3.59,5,3.64
析,xi1,v,4,129,2200,67,2,8,3,6,1,-1,5,3.92,6.13,3.42
息,xi1,v,7,129,2200,423,2,10,36,2,4,-1,4.4,4.03,5.5,4.52
惜,xi1,v,3,129,2200,116,3,11,14,4,3,1,4.4,3.92,6.52,4.35
稀,xi1,a,9,129,2200,48,4,12,28,4,3,1,3.82,4.3,6.65,5.42
溪,xi1,n,6,129,2200,33,4,13,4,2,1,0,4.06,6.11,6.38,6.54
锡,xi1,n,9,129,2200,35,4,13,3,13,2,-1,6.21,5.5,5.66,4.24
熄,xi1,v,3,129,2200,16,3,14,2,11,1,1,4.47,5.53,5.81,5.93
嬉,xi1,v,1,129,2200,8,5,15,5,6,1,1,5.17,4.89,5.13,5.19
膝,xi1,n,9,129,2200,33,4,15,6,2,1,0,3.85,6.66,6.41,6.1
习,xi2,v,1,29,1039,247,1,3,25,1,3,0,3.24,3.4,5.56,3.85
席,xi2,n,15,29,1039,252,3,10,21,2,3,0,3.89,4.97,5.87,5.36
袭,xi2,v,4,29,1039,76,2,11,10,10,3,-1,5.2,4.87,6.19,4.9
洗,xi3,v,125,31,482,128,3,9,17,3,4,-1,3.03,5.78,6.77,6.81
喜,xi3,v,11,31,482,477,4,12,39,2,3,0,3.39,4.57,5.97,5.64
戏,xi4,n,95,52,1406,174,2,6,34,3,3,0,3.97,5.97,6.69,6.3
系,xi4,n,58,52,1406,664,2,7,34,3,4,0,4.33,4.25,6,4.47
细,xi4,a,73,52,1406,306,2,8,44,2,3,-1,3.62,4.5,6.61,6.15
虾,xia1,n,14,12,78,11,2,9,11,2,1,1,3.59,6.74,6.97,6.88
匣,xia2,n,3,42,132,9,2,7,4,7,1,-1,4.79,6.05,6.42,5.71
侠,xia2,n,1,42,132,105,3,8,2,15,1,-1,4.61,4.22,5.39,5.25
峡,xia2,n,5,42,132,40,3,9,5,5,1,-1,4.79,5.53,6.39,5.29
狭,xia2,a,1,42,132,25,3,9,7,6,1,-1,4.92,4.59,5.48,5
瑕,xia2,n,2,42,132,6,4,13,2,11,1,0,6.14,4.65,4.74,5.04
辖,xia2,v,9,42,132,20,4,14,4,17,2,-1,5.69,3.28,4.68,3.32
霞,xia2,n,3,42,132,57,4,17,9,4,1,0,4.08,6.31,6.17,6.15
下,xia4,v,1053,16,4065,3727,1,3,154,1,5,0,2.47,4.86,6.3,5.32
吓,xia4,v,74,16,4065,124,2,6,8,2,3,1,3.56,5.03,6.31,5.96
夏,xia4,n,18,16,4065,159,3,10,16,2,3,0,3.42,5.51,6.74,6.03
仙,xian1,n,25,49,1364,118,2,5,16,3,1,-1,3.63,3.92,6.22,4.58
纤,xian1,n,6,49,1364,44,2,6,7,12,2,1,5.22,4.27,4.81,4.57
掀,xian1,v,26,49,1364,28,4,11,1,5,1,-1,4.89,5.8,6.45,5.97
鲜,xian1,a,20,49,1364,141,4,14,20,2,4,0,3.95,4.21,6.53,5.19
闲,xian2,a,13,48,164,95,2,7,34,5,3,0,4.15,4.5,6.71,5.16
弦,xian2,n,9,48,164,25,3,8,9,6,4,-1,4.72,5.7,5.39,5.68
贤,xian2,n,8,48,164,56,3,8,8,17,2,0,5.3,3.74,4.94,3.94
咸,xian2,a,8,48,164,17,3,9,3,14,2,0,3.77,5.68,6.74,6.21
舷,xian2,n,6,48,164,5,3,11,3,4,1,-1,5.3,5.87,5.47,4.9
衔,xian2,v,3,48,164,22,4,11,6,4,3,0,5.33,5.22,5.19,4.93
嫌,xian2,v,51,48,164,47,3,13,5,8,2,-1,4.77,3.75,5.94,4.44
显,xian3,v,24,35,461,353,2,9,22,2,3,0,4.11,4.16,6.06,4.43
险,xian3,a,12,35,461,243,5,9,26,4,4,0,4.25,4.31,6.52,4.65
县,xian4,n,584,52,3787,311,2,7,11,5,1,0,3.88,5.74,6.61,5.23
现,xian4,n,37,52,3787,1902,2,8,47,2,3,-1,3.49,2.2,5.19,3.82
线,xian4,n,120,52,3787,369,2,8,83,2,3,-1,3.66,6.44,6.5,6.63
限,xian4,v,17,52,3787,199,2,8,17,7,2,0,4.55,3.42,6.35,3.9
陷,xian4,v,15,52,3787,87,3,10,21,5,3,1,4.95,4.55,5.97,5.59
馅,xian4,n,3,52,3787,5,3,11,1,13,1,0,4.44,6.42,5.71,6.56
献,xian4,v,58,52,3787,131,5,13,11,2,1,0,4.7,4.77,6.44,5
乡,xiang1,n,182,29,1405,284,1,3,39,1,3,0,3.23,5.13,6.87,5.5
香,xiang1,a,57,29,1405,383,2,9,49,1,2,0,3.08,5.68,6.74,6.52
箱,xiang1,n,24,29,1405,89,3,15,14,6,3,1,3.74,6.62,6.77,6.32
镶,xiang1,v,3,29,1405,13,6,22,3,3,1,0,5.67,5.08,6.39,5.47
翔,xiang2,v,1,10,83,39,3,12,4,2,1,-1,5.05,4.45,6.43,5.62
享,xiang3,v,14,19,3159,92,3,8,10,10,1,0,4.93,3.95,6.22,4.65
响,xiang3,v,83,19,3159,365,4,9,29,2,3,1,3.36,4.59,5.65,5.5
饷,xiang3,n,3,19,3159,7,4,9,3,21,2,1,6.13,4.1,4.81,4.35
飨,xiang3,v,1,19,3159,2,2,12,1,20,2,0,6.68,3.34,3.56,2.9
想,xiang3,v,1632,19,3159,2457,3,13,43,1,2,1,3.15,4.95,6.88,5.87
巷,xiang4,n,9,18,3481,33,3,9,7,14,2,0,4.35,6.24,6.41,6.26
削,xiao1,v,3,71,716,37,3,9,11,3,1,1,4.5,5.82,6.31,5.71
消,xiao1,v,18,71,716,426,3,10,39,2,3,1,4.11,3.49,5.94,4.32
销,xiao1,v,38,71,716,202,3,12,29,9,4,1,4.95,4.46,6.47,4.71
小,xiao3,a,1180,10,3256,2878,1,3,162,1,2,0,2.2,4.67,6.88,5.32
晓,xiao3,v,4,10,3256,174,3,10,14,4,3,-1,4,3.05,5.34,4
孝,xiao4,a,21,24,1397,46,2,7,5,21,3,0,4.35,4.67,6.47,5.29
效,xiao4,n,5,24,1397,289,4,10,30,6,3,-1,4.8,3.15,5.84,3.13
校,xiao4,n,88,24,1397,362,4,10,35,2,3,-1,3.18,5.73,6.84,5.79
笑,xiao4,v,335,24,1397,1297,3,10,74,2,2,-1,2.8,6.27,6.84,6.84
啸,xiao4,v,2,24,1397,30,4,11,5,6,2,-1,5.56,4.68,5.53,4.85
歇,xie1,v,37,5,2120,45,6,13,12,6,2,0,4.64,5.15,6.22,5.52
蝎,xie1,n,1,5,2120,5,5,15,1,20,1,0,5.58,6.42,5.63,5.13
邪,xie2,a,16,47,417,96,2,6,12,15,3,-1,5.05,4.51,6.06,4.87
斜,xie2,a,18,47,417,55,5,11,11,7,1,-1,3.86,4.92,6,6.26
携,xie2,v,10,47,417,27,4,13,5,15,1,0,5.78,4.86,5.65,5.64
鞋,xie2,n,90,47,417,78,3,15,17,2,1,-1,3.26,6.88,7,6.61
写,xie3,v,621,4,670,446,3,5,24,2,2,0,2.87,6.18,6.97,6.26
泄,xie4,v,2,64,365,41,2,8,13,5,2,-1,4.78,4.68,5.61,5.36
泻,xie4,v,1,64,365,10,4,8,7,8,2,1,4.85,5.5,6.39,5.97
卸,xie4,v,30,64,365,19,2,9,7,5,2,0,5.06,5.32,5.87,5.43
屑,xie4,n,2,64,365,21,3,10,6,11,1,-1,4.77,5.75,5.84,5.5
谢,xie4,v,79,64,365,286,3,12,16,1,3,-1,3.28,4.56,6.87,5.68
蟹,xie4,n,5,64,365,9,6,19,2,7,1,1,4.79,6.69,6.57,6.45
心,xin1,n,688,28,3465,2821,1,4,287,1,3,0,2.6,5.61,6.68,6.81
芯,xin1,n,1,28,3465,7,2,7,7,6,3,1,4.97,5.15,6.16,5.56
锌,xin1,n,6,28,3465,2,3,12,3,19,1,1,6.46,6.03,5.94,4.19
新,xin1,a,1734,28,3465,1289,3,13,53,1,3,-1,3.46,4.83,6.81,6.12
薪,xin1,n,6,28,3465,22,4,16,4,13,1,1,5.66,5.03,5.74,4.54
信,xin4,n,214,15,674,965,2,9,69,1,4,0,3.56,5.59,6.09,5.1
兴,xing1,v,48,22,858,482,3,6,43,2,4,0,3.6,3.26,5.56,4.03
星,xing1,n,49,22,858,381,3,9,78,1,2,-1,3.28,6.76,6.69,6.4
腥,xing1,a,6,22,858,13,4,13,8,14,2,1,4.73,4.87,6.16,5.13
刑,xing2,n,8,20,2904,88,3,6,26,10,2,-1,5.17,4.76,5.97,4.75
行,xing2,v,511,20,2904,2152,3,6,152,1,5,0,3.41,4.62,6.13,4.74
形,xing2,n,22,20,2904,587,3,7,66,3,3,-1,3.69,4,6.31,4.62
醒,xing3,v,84,3,127,191,4,16,11,2,3,1,3.7,5.44,6.42,6.06
杏,xing4,n,9,14,1196,22,2,7,7,4,1,-1,4.03,6.69,6.38,5.87
姓,xing4,v,61,14,1196,151,3,8,6,4,1,-1,3.19,4.78,5.61,4.68
幸,xing4,a,3,14,1196,225,3,8,15,2,4,0,4.23,3.26,6.44,4.03
凶,xiong1,a,8,15,284,89,2,4,19,4,4,0,3.72,4.88,6.47,6.48
兄,xiong1,n,18,15,284,250,2,5,15,3,1,0,3.3,6.68,6.83,6.32
胸,xiong1,n,33,15,284,139,4,10,16,3,1,1,3.89,6.54,6.83,6.73
雄,xiong2,a,3,2,168,161,4,12,18,2,3,0,4.25,4.19,6.2,4.46
熊,xiong2,n,16,2,168,54,5,14,10,2,1,0,3.67,6.78,6.39,6.96
休,xiu1,v,8,24,487,165,2,6,16,5,4,0,4.03,4.11,5.94,5
修,xiu1,v,136,24,487,236,4,9,44,4,4,0,4.23,4.62,6.33,6.22
羞,xiu1,v,6,24,487,60,2,10,11,5,3,-1,4.03,4.43,5.81,5.56
朽,xiu3,v,1,4,0,17,2,6,6,14,2,0,4.85,3.79,4.78,4.29
秀,xiu4,a,1,20,222,203,2,7,15,4,3,0,4.38,3.63,6.22,5.74
绣,xiu4,v,8,20,222,29,3,10,11,5,2,1,4.73,6.11,6.26,5.16
袖,xiu4,n,1,20,222,66,2,10,11,10,2,-1,3.86,6.69,6.1,6.33
锈,xiu4,n,2,20,222,7,3,12,8,11,2,1,4.68,5.97,5.75,5.39
须,xu1,v,22,40,951,312,3,9,21,2,3,0,4.46,3.31,4.13,3.77
虚,xu1,a,22,40,951,133,2,11,31,7,3,-1,4.28,2.57,5.8,4.75
需,xu1,v,89,40,951,356,2,14,7,4,2,0,4.21,3.13,6.09,4.09
徐,xu2,a,1,3,17,140,4,10,3,7,1,-1,4.7,3.54,5.41,2.97
许,xu3,v,48,16,840,740,3,6,22,1,4,-1,3.67,3.55,5.91,4.03
序,xu4,n,8,54,537,95,2,7,14,3,3,-1,4.46,4.03,6.25,4.53
叙,xu4,v,5,54,537,47,4,9,8,13,3,-1,4.78,4.38,6.34,4.52
绪,xu4,n,1,54,537,98,3,11,7,8,3,-1,5.23,3.47,4.74,3.32
续,xu4,v,7,54,537,344,5,11,15,5,2,-1,5.05,4.05,5.31,3.74
嗅,xu4,v,5,54,537,14,3,13,3,8,1,-1,4.9,5.63,6.39,6.21
蓄,xu4,v,4,54,537,38,4,13,13,8,1,1,4.97,4.03,5.35,4.54
宣,xuan1,v,7,41,199,234,4,9,13,7,1,0,4.63,4.38,6.28,4.32
喧,xuan1,n,1,41,199,18,5,12,8,5,1,1,5,4.59,4.32,4.93
暄,xuan1,a,3,41,199,5,5,13,2,22,2,1,6.19,3.75,3.97,3.32
玄,xuan2,a,3,14,126,57,2,5,3,13,3,0,5.09,2.97,4.55,3.21
悬,xuan2,v,8,14,126,42,3,11,15,9,2,-1,4.97,4.97,6.03,5.59
旋,xuan2,v,3,14,126,69,4,11,21,4,4,0,4.94,5.08,5.83,5.36
漩,xuan2,n,1,14,126,5,5,14,1,11,1,1,5.5,5.11,4.87,5.54
选,xuan3,v,69,6,231,354,3,9,39,5,2,-1,3.69,4.89,6.3,5.93
癣,xuan3,n,5,6,231,1,5,19,1,19,1,-1,5.92,5.48,5.35,4.88
靴,xue1,n,2,6,13,13,3,13,4,8,1,-1,5.18,6.46,5.58,6.67
穴,xue2,n,5,19,3270,58,2,5,11,8,2,0,4.5,6.25,5.81,6.07
学,xue2,v,325,19,3270,1694,3,8,121,1,3,0,2.95,4.5,6.9,6.36
雪,xue3,n,73,7,287,264,2,11,32,1,2,0,2.69,6.67,6.7,6.96
血,xue4,n,91,12,311,294,2,6,66,3,2,0,3.49,6.79,6.81,6.7
熏,xun1,v,3,26,29,15,1,14,5,9,3,0,5.38,4.9,5.81,5.06
寻,xun2,v,28,38,190,184,2,6,14,5,2,0,3.97,5.49,6.13,5.64
巡,xun2,v,2,38,190,56,2,6,12,14,2,0,5.03,5.11,5.48,5.11
循,xun2,v,3,38,190,37,4,12,11,10,1,-1,5.26,2.93,5.25,3.5
训,xun4,v,9,25,333,151,2,5,12,3,3,-1,4.59,4.51,6.47,5.26
讯,xun4,n,53,25,333,196,3,5,15,9,2,0,4.51,4.44,5.71,4.86
逊,xun4,v,1,25,333,42,3,9,3,15,3,-1,5.69,3.54,3.97,3.29
殉,xun4,v,4,25,333,7,3,10,3,13,2,1,5.88,4.79,5.81,4.61
压,ya1,v,94,17,1328,193,3,6,43,4,3,0,3.43,5,6.45,5.26
押,ya1,v,12,17,1328,43,2,8,8,5,3,-1,4.72,4.98,6.06,5.58
鸭,ya1,n,22,17,1328,23,3,10,9,1,1,-1,3.21,6.89,6.97,6.62
牙,ya2,n,38,19,262,140,1,4,30,1,3,0,2.77,6.82,7,6.06
芽,ya2,n,3,19,262,16,2,7,12,2,2,1,3.85,6.51,6.69,6.36
崖,ya2,n,3,19,262,28,4,11,12,5,1,-1,4.97,6.36,6.38,6.36
衙,ya2,n,1,19,262,22,5,13,3,16,1,0,5.9,4.73,5.88,4.32
哑,ya3,a,3,10,23,37,2,9,12,8,3,1,4.49,4.92,5.94,6.07
雅,ya3,a,13,10,23,148,3,12,14,7,4,1,4.94,3.51,5.97,4.96
亚,ya4,v,3,29,40,438,1,6,7,7,2,0,4.21,2.63,3.38,3.26
咽,yan1,v,24,29,337,41,3,9,11,8,3,-1,4.5,5.83,5.81,6.04
烟,yan1,n,127,29,337,204,3,10,56,2,4,-1,3.72,6.44,6.87,6.48
淹,yan1,v,16,29,337,18,3,11,2,1,3,1,4.17,5.24,5.97,6.11
腌,yan1,v,14,29,337,3,3,12,1,13,1,1,5.36,5.1,5.41,5.13
延,yan2,v,1,59,1799,109,2,6,19,5,3,1,4.69,3.51,5.45,4.43
严,yan2,a,28,59,1799,369,2,7,32,3,3,0,3.74,4.13,6.22,5.26
言,yan2,n,19,59,1799,554,1,7,81,3,3,0,3.42,5.08,6.3,5.57
岩,yan2,n,3,59,1799,57,2,8,19,4,2,0,3.87,6.21,6.47,5.74
炎,yan2,n,11,59,1799,47,2,8,17,7,2,0,4.69,3.23,5.03,4.18
研,yan2,v,3,59,1799,336,3,9,8,3,2,-1,4.86,4,5.68,4.18
盐,yan2,n,21,59,1799,37,3,10,12,5,2,0,3.59,6.59,6.9,6.66
筵,yan2,n,1,59,1799,5,3,12,3,23,2,1,6.15,4.8,5.41,3.88
颜,yan2,n,1,59,1799,94,5,15,13,1,2,1,3.95,4.2,5.84,4.74
奄,yan3,v,1,60,1609,8,2,8,2,11,2,0,5.69,3.33,3.41,3.15
掩,yan3,v,13,60,1609,77,3,11,13,6,3,1,4.64,5.24,5.97,6.19
眼,yan3,n,243,60,1609,1255,2,11,110,2,3,-1,2.94,6.81,6.55,7
演,yan3,v,46,60,1609,286,5,14,24,3,3,0,4.31,5.16,6.35,6.26
厌,yan4,v,3,76,664,76,2,6,12,4,2,0,4.13,4.38,6.09,5.23
砚,yan4,n,3,76,664,8,2,9,2,7,1,-1,5.72,6.17,5.1,6.18
宴,yan4,n,10,76,664,46,3,10,8,6,3,1,5.38,5.68,6.52,5.53
艳,yan4,a,3,76,664,56,3,10,14,2,2,0,4.38,4.54,6.38,5.71
验,yan4,v,3,76,664,245,6,10,17,4,2,0,4.64,3.92,6.2,4.93
堰,yan4,n,2,76,664,3,4,12,2,19,1,0,6.05,5.6,5.09,3.91
焰,yan4,n,1,76,664,35,3,12,7,12,1,0,4.37,6.05,6.03,6.29
雁,yan4,n,8,76,664,30,4,12,4,1,1,0,3.44,6.78,6.57,6.93
燕,yan4,n,1,76,664,111,5,16,6,2,3,0,3.03,6.66,6.23,6.89
秧,yang1,n,2,15,273,6,2,10,7,9,3,1,4.97,6.08,5.26,5.11
扬,yang2,v,38,41,905,216,2,6,39,4,3,0,4.1,4.23,6.16,5.32
羊,yang2,n,33,41,905,81,1,6,12,1,1,0,2.38,6.87,6.66,6.76
阳,yang2,n,3,41,905,371,2,6,29,2,3,-1,3.21,4.88,6.73,5.38
洋,yang2,a,24,41,905,193,2,9,66,2,4,1,3.86,3.22,5.29,4.64
仰,yang3,v,18,24,468,82,3,6,20,2,3,-1,4.28,5.59,5.65,5.75
养,yang3,v,135,24,468,258,3,9,43,3,4,0,3.61,4.97,6.5,5.79
氧,yang3,n,5,24,468,16,2,10,28,7,1,1,5.4,5.46,6.63,5.29
痒,yang3,a,3,24,468,17,2,11,6,2,1,1,4.15,5.53,6.03,6.64
漾,yang4,v,2,9,2634,10,3,14,2,5,2,0,5.22,4.22,4.33,4.59
吆,yao1,v,1,13,187,8,2,6,4,8,0,1,5.38,4.53,4.91,4.74
妖,yao1,n,1,13,187,38,3,7,11,13,3,1,4.5,4.48,6.55,5.44
腰,yao1,n,61,13,187,105,3,13,23,2,3,1,3.78,6,6.5,6.74
邀,yao1,v,9,13,187,69,4,16,7,5,3,0,5.28,4.92,6.39,4.94
肴,yao2,n,1,51,336,8,3,8,2,13,1,0,5.55,5.13,5.81,4.61
窑,yao2,n,8,51,336,14,3,11,7,5,3,0,5.3,6.19,5.69,5.45
摇,yao2,v,89,51,336,262,3,13,23,2,1,0,3.7,5.68,6.5,6.16
遥,yao2,a,6,51,336,57,3,13,9,2,1,0,4.48,4.69,6.47,5.81
咬,yao3,v,90,25,112,89,4,9,9,2,3,-1,3.1,6.23,6.72,6.85
舀,yao3,v,4,25,112,3,2,10,1,7,1,0,4.67,4.68,5.22,5.09
药,yao4,n,231,26,5465,253,4,9,52,5,3,-1,3.36,6.54,6.94,6.38
要,yao4,v,4474,26,5465,4208,2,9,58,1,4,0,2.84,3.88,6.63,5.65
耀,yao4,v,3,26,5465,57,6,20,9,3,2,-1,5.25,4.05,5.91,4.45
椰,ye1,n,3,6,4,4,3,12,3,7,1,1,5.63,6.28,5.03,6.11
噎,ye1,v,7,6,4,6,6,15,2,11,1,-1,5.41,5.08,5.13,4.65
爷,ye2,n,13,10,547,320,2,6,23,2,4,0,2.48,6.94,6.84,6.53
冶,ye3,a,1,8,4374,16,3,7,8,8,2,-1,5.38,3.43,3.19,2.87
野,ye3,a,21,8,4374,179,2,11,34,2,4,0,3.89,3.24,5.84,4.36
叶,ye4,n,19,58,2118,210,2,5,44,1,3,-1,3.03,6.82,6.81,6.16
夜,ye4,n,83,58,2118,400,3,8,66,3,1,0,3.21,5.95,6.94,6.52
掖,ye4,v,9,58,2118,4,4,11,3,19,3,1,5.62,4.77,4.69,3.97
液,ye4,n,8,58,2118,43,4,11,29,5,1,1,4.92,5.46,6.71,6.03
腋,ye4,n,3,58,2118,4,4,12,1,16,1,1,5.5,6.28,5.66,5.77
衣,yi1,n,48,39,19372,473,1,6,67,2,3,0,2.29,6.25,6.7,7
医,yi1,n,17,39,19372,351,3,7,27,2,3,-1,3.63,5.72,6.3,5.87
夷,yi2,n,3,77,555,21,1,6,3,15,3,0,5.67,3.49,4.16,3.96
宜,yi2,v,11,77,555,100,2,8,13,6,2,0,4.67,3.22,4.48,2.89
姨,yi2,n,24,77,555,48,2,9,7,2,2,1,3.33,6.28,6.93,6.12
贻,yi2,n,1,77,555,6,3,9,3,15,2,-1,6.18,3.92,3.91,2.68
移,yi2,v,25,77,555,151,3,11,16,3,2,-1,4.35,5.78,6.4,6.04
遗,yi2,v,3,77,555,143,4,12,33,6,4,-1,5.31,3.73,5.84,4.71
疑,yi2,v,1,77,555,271,6,14,21,3,2,0,4.43,4.31,6.19,4.55
蚁,yi3,n,4,36,4785,13,3,9,6,2,1,1,3.58,6.74,6.31,5.97
倚,yi3,v,13,36,4785,24,4,10,5,12,3,-1,5.57,5.41,5.42,5.54
椅,yi3,n,8,36,4785,86,4,12,15,2,2,-1,3.59,6.85,6.84,6.35
义,yi4,n,28,205,5969,653,2,3,45,5,3,0,4.05,2.35,5.78,3.91
忆,yi4,v,5,205,5969,99,2,4,6,7,2,1,4.31,4.4,6.55,5.09
艺,yi4,n,11,205,5969,260,2,4,18,5,1,1,3.87,3.08,6.28,4.38
议,yi4,v,7,205,5969,537,3,5,39,4,2,1,4.55,4.77,6.44,4.81
异,yi4,a,8,205,5969,242,2,6,38,5,4,1,4.46,3.53,6.06,5.44
抑,yi4,v,3,205,5969,46,3,7,12,14,2,-1,5.26,3.58,5.63,4.29
译,yi4,v,20,205,5969,58,3,7,10,6,1,1,5.33,4.95,6.53,4.97
易,yi4,a,28,205,5969,393,3,8,20,3,3,0,3.88,4.28,6.59,4.77
弈,yi4,v,1,205,5969,3,3,9,3,14,2,1,6.23,5.18,4.56,4.55
谊,yi4,n,1,205,5969,41,3,10,5,9,1,1,4.23,3.95,6.44,3.77
意,yi4,n,28,205,5969,1855,3,13,131,3,3,0,4.1,3,6.42,3.84
溢,yi4,v,13,205,5969,23,4,13,4,11,1,1,5.42,5.57,5.42,6.15
翼,yi4,n,8,205,5969,74,5,17,15,6,3,1,5.13,6.03,6.45,5.53
阴,yin1,a,7,48,1654,147,2,6,34,3,4,0,3.74,4.3,6.44,5.82
音,yin1,n,7,48,1654,506,2,9,51,3,2,0,3.18,5.36,6.63,5.45
吟,yin2,v,3,45,202,81,4,7,8,9,2,-1,5.23,5.71,5.32,5.89
淫,yin2,v,4,45,202,26,4,11,6,14,3,0,6.23,3.88,4.94,5.15
银,yin2,a,23,45,202,275,2,11,39,2,3,-1,3.97,6.16,5.81,5.76
引,yin3,v,83,26,441,365,2,4,40,3,4,0,3.97,3.46,6.3,4.38
饮,yin3,v,18,26,441,75,3,7,16,6,3,0,4.03,5.76,6.37,6.48
隐,yin3,v,6,26,441,161,4,11,19,4,1,-1,4.75,4.67,5.55,4.58
瘾,yin3,n,9,26,441,13,5,16,2,17,1,1,5.53,4.15,6.16,4.68
印,yin4,v,24,16,192,231,2,6,27,6,3,0,4.3,5.36,5.88,5.42
应,ying1,v,370,64,1204,986,3,7,51,2,4,0,3.95,3.21,5.66,3.55
英,ying1,n,11,64,1204,488,2,8,17,1,2,-1,3.67,2.93,5,3.52
婴,ying1,n,2,64,1204,29,3,11,5,10,2,-1,4.45,5.97,6.61,6.52
樱,ying1,n,1,64,1204,20,4,15,2,15,1,1,4.67,6.27,5.68,6.19
鹰,ying1,n,5,64,1204,52,6,18,10,2,1,0,4.08,6.87,6.77,6.52
迎,ying2,v,45,49,449,182,3,7,13,3,2,-1,4.33,4.62,5.94,5.46
盈,ying2,v,8,49,449,57,3,9,10,9,2,0,5.35,4.36,4.69,4.29
营,ying2,n,20,49,449,355,4,11,36,5,3,0,4.54,4.98,6.13,5.26
萦,ying2,v,1,49,449,7,3,11,3,20,1,0,6.4,3.32,4.72,3.42
蝇,ying2,n,2,49,449,11,3,14,5,2,1,0,3.8,6.87,6.32,6.23
赢,ying2,v,43,49,449,50,6,17,3,6,2,0,4.75,4.72,6.41,5.55
影,ying3,n,15,17,539,508,5,15,51,2,3,-1,3.87,5.97,6.87,6.24
映,ying4,v,7,8,332,106,2,9,16,4,1,-1,4.7,4.31,6.03,4.29
硬,ying4,a,74,8,332,134,2,12,30,5,3,-1,3.54,5.5,6.83,6.39
佣,yong1,n,2,33,107,23,3,7,3,9,2,1,4.78,5.54,5.42,5.39
拥,yong1,v,12,33,107,150,3,8,12,2,4,1,4.2,5.14,6,5.18
咏,yong3,v,3,31,452,17,2,8,2,8,2,1,4.49,4.8,5.68,5.06
泳,yong3,v,2,31,452,33,2,8,4,4,1,1,4.35,5.49,6.19,5.55
勇,yong3,a,11,31,452,129,4,9,17,2,1,1,3.78,4.22,6.13,5.89
涌,yong3,v,36,31,452,69,4,10,8,5,2,1,4.79,4.93,6.33,5.76
优,you1,a,29,19,343,274,3,6,22,3,2,1,3.88,4.31,6.75,4.97
忧,you1,v,18,19,343,96,3,7,16,8,2,1,4.42,4.27,5.68,5.68
幽,you1,a,3,19,343,80,3,9,19,8,4,0,5,3.77,5.88,4.81
邮,you2,n,1,43,1847,65,2,7,18,3,2,1,4.3,4.79,6.06,4.87
油,you2,n,87,43,1847,188,2,8,106,1,3,1,3.4,6.25,6.3,6.93
铀,you2,n,14,43,1847,2,2,10,1,19,1,1,6.85,4.94,4.45,4.29
游,you2,v,29,43,1847,296,4,12,53,1,4,0,4.08,5.21,6.7,6.4
友,you3,n,16,23,10293,475,2,4,24,1,2,0,3.05,5.82,6.87,6.27
有,you3,v,7130,23,10293,8701,2,6,133,1,4,0,2.53,3.95,6.87,4.16
右,you4,n,52,26,3091,228,2,5,12,2,2,0,2.64,6.03,6.63,5.89
幼,you4,a,7,26,3091,58,2,5,18,5,1,0,4.03,4.7,5.73,5.15
佑,you4,v,1,26,3091,23,3,7,1,11,1,1,5.14,3.03,4.8,3.89
诱,you4,v,1,26,3091,49,3,9,18,5,2,-1,5.15,3.92,5.88,4.42
釉,you4,n,2,26,3091,2,2,12,1,19,1,1,6.81,4.65,3.58,4.86
予,yu2,v,9,96,2732,119,1,4,8,13,2,0,4.97,3.85,5.34,4.15
鱼,yu2,n,118,96,2732,161,3,8,60,1,1,0,2.86,6.94,6.65,7
渔,yu2,n,4,96,2732,34,4,11,24,5,2,1,4.67,5.75,4.97,5.32
隅,yu2,n,2,96,2732,5,2,11,2,17,2,1,6.2,4.43,4.61,4.39
逾,yu2,v,18,96,2732,14,5,12,2,14,2,1,5.62,4.15,5,3.85
愚,yu2,a,4,96,2732,38,2,13,6,13,3,1,5,4.2,6.29,5.56
榆,yu2,n,1,96,2732,7,5,13,3,6,1,1,5.18,5.92,4.97,3.87
宇,yu3,n,2,41,1263,113,2,6,6,6,2,1,4.18,3.13,5.63,3.79
雨,yu3,n,185,41,1263,224,1,8,48,1,2,0,2.54,6.66,6.9,6.71
语,yu3,v,9,41,1263,429,3,9,68,2,4,-1,3.43,4.08,5.16,4.79
玉,yu4,n,12,128,1155,334,1,5,26,1,1,0,3.43,6.5,6.41,6.07
吁,yu4,v,2,128,1155,38,2,6,7,8,3,1,5.61,4.35,4.72,4.24
育,yu4,v,19,128,1155,343,3,8,17,4,3,-1,4.46,4.1,6.35,4.5
郁,yu4,a,1,128,1155,51,3,8,12,7,3,-1,5.54,3.2,5.63,4.18
狱,yu4,n,2,128,1155,65,3,9,11,5,2,-1,4.8,6.21,6.41,5.68
浴,yu4,n,2,128,1155,37,4,10,10,7,1,-1,4.7,5.28,5.66,5.71
欲,yu4,v,32,128,1155,162,5,11,15,4,3,-1,4.98,3.36,5.31,4.03
喻,yu4,v,3,128,1155,23,5,12,5,5,3,1,5.05,2.8,5.41,3.79
寓,yu4,n,2,128,1155,32,2,12,7,5,3,1,5.25,5.1,6,4.35
御,yu4,v,3,128,1155,63,3,12,8,7,3,-1,5.77,3.93,4.75,4.59
裕,yu4,a,1,128,1155,50,4,12,2,9,1,-1,5.06,3.7,4.94,3.79
遇,yu4,v,63,128,1155,214,2,12,14,5,3,0,4.13,4.72,6.61,4.87
誉,yu4,v,3,128,1155,76,4,13,8,8,2,0,5.37,3.54,4.35,3.5
冤,yuan1,a,8,31,50,32,4,10,14,13,3,-1,5,4.13,6.23,4.55
园,yuan2,n,32,58,3047,202,3,7,22,2,2,1,3.36,5.7,6.77,5.67
原,yuan2,a,75,58,3047,864,3,10,58,2,4,0,4.13,2.51,5.74,2.71
圆,yuan2,a,31,58,3047,120,3,10,35,2,3,1,3.18,6,6.87,6.47
缘,yuan2,n,10,58,3047,96,3,12,17,8,3,0,5.39,3.19,5.84,4.54
源,yuan2,n,13,58,3047,201,4,13,32,7,2,1,4.81,4.19,5.9,4.79
猿,yuan2,n,4,58,3047,14,4,13,7,7,1,1,4.97,6.71,6.07,6.74
远,yuan3,a,216,4,621,563,3,7,41,2,3,1,2.98,4.62,7,6.27
苑,yuan4,n,1,19,801,19,3,8,1,21,1,0,5.85,4.34,5.19,3.48
怨,yuan4,v,23,19,801,85,3,9,17,8,2,0,4.67,4.49,6,5.64
院,yuan4,n,173,19,801,547,4,9,45,3,2,-1,3.67,5.97,7,6.41
愿,yuan4,v,123,19,801,381,4,14,23,3,3,1,4.06,3.64,5.65,4.96
曰,yue1,v,19,8,333,41,1,4,1,13,1,0,5.13,4.72,6.06,4.41
阅,yue4,v,1,47,1726,48,4,10,14,5,3,-1,4.4,5.51,6.75,5.45
跃,yue4,v,18,47,1726,93,4,11,12,6,1,-1,4.43,5.89,6.13,6.33
云,yun2,n,63,36,205,423,2,4,45,2,3,0,2.76,6.85,6.87,6.39
匀,yun2,v,3,36,205,10,2,4,9,5,2,0,4.13,4.05,4.94,4.82
允,yun3,v,3,19,68,72,2,4,7,12,2,0,4.46,3.88,6.32,4.24
孕,yun4,n,2,33,755,26,2,5,5,13,1,0,5.43,5.54,6.1,5.55
运,yun4,v,66,33,755,512,3,7,44,3,3,1,3.9,4.08,6.13,4.81
晕,yun4,v,12,33,755,38,3,10,12,7,3,-1,4.45,5.54,6.55,5.9
韵,yun4,n,1,33,755,27,4,13,5,14,3,1,5.08,3.8,6.19,4
蕴,yun4,v,1,33,755,14,4,15,6,6,1,1,5.95,3.28,5.09,3.45
咂,za1,v,4,13,13,2,3,8,4,13,3,0,5.3,5.41,4.97,4.94
杂,za2,a,4,9,267,166,2,6,49,5,2,0,4.05,4.23,6.25,5.38
砸,za2,v,57,9,267,25,3,10,3,2,2,0,4.51,5.54,6.72,5.91
灾,zai1,n,27,11,236,85,2,7,18,6,1,0,4.16,4.63,6.59,5.97
栽,zai1,v,24,11,236,27,3,10,7,3,3,1,4.37,5.5,6.52,5.56
宰,zai3,v,11,4,104,29,3,10,5,4,3,0,4.69,5.11,5.48,6
载,zai3,v,40,4,104,93,3,10,23,6,4,0,5.08,4.77,6.09,5.13
崽,zai3,n,3,4,104,5,3,12,2,11,2,-1,5.75,5.46,5.19,5.21
攒,zan3,v,13,9,0,8,6,19,5,3,2,1,5.66,4.97,5.32,5.46
赞,zan4,v,1,22,167,131,5,16,16,5,3,0,4.35,4.46,6.44,4.97
赃,zang1,n,3,9,91,9,3,10,4,16,1,1,5.11,5.32,5.19,5
脏,zang4,a,43,8,18,60,3,10,15,3,1,-1,3.46,5.3,6.67,6.73
葬,zang4,v,9,8,18,37,4,12,8,10,1,0,5.14,5.42,5.52,6.22
遭,zao1,v,38,5,171,118,3,14,9,6,3,-1,4.93,3.59,6.16,3.61
糟,zao1,a,12,5,171,49,3,17,11,3,3,-1,5,4.22,5.35,4.29
凿,zao2,v,4,2,24,11,4,12,5,5,3,0,5.11,5.53,6.39,6
早,zao3,a,170,10,649,546,2,6,40,1,2,0,2.78,4.74,6.77,5.23
枣,zao3,n,6,10,649,12,2,8,5,9,1,0,3.95,6.88,6.81,6.48
澡,zao3,n,5,10,649,22,5,16,3,7,1,0,3.75,5.5,6.6,6.36
灶,zao4,n,6,19,915,13,2,7,9,5,1,0,4.36,6.44,5.32,6.39
皂,zao4,n,1,19,915,9,2,7,5,3,2,0,3.89,6.28,5.58,6.26
造,zao4,v,67,19,915,446,3,10,35,3,4,-1,3.62,4.47,6.62,5.36
择,ze2,v,15,41,609,114,3,8,4,3,1,0,4.59,4.41,6.43,4.41
泽,ze2,v,2,41,609,193,3,8,5,7,3,0,4.9,3.46,4.19,3.03
责,ze2,n,24,41,609,319,2,8,22,3,4,-1,4.33,4.03,5.47,4.06
贼,zei2,n,49,6,21,61,3,10,6,6,3,-1,4.53,6.22,6.53,6.63
增,zeng1,v,79,16,349,394,4,15,26,6,1,1,4.18,4.73,6.61,5.59
憎,zeng1,a,1,16,349,14,4,15,5,14,1,1,5.35,4.59,5.25,4.35
赠,zeng4,v,16,5,6,34,4,16,4,10,1,1,4.45,5.05,6.7,6
渣,zha1,n,3,22,122,9,4,12,7,4,1,-1,4.67,5.03,5.42,6.11
扎,zha2,v,45,14,29,106,2,4,11,4,4,0,3.95,5.08,6.52,5.82
轧,zha2,v,5,14,29,8,2,5,4,7,3,0,5.54,4.9,5.56,4.74
闸,zha2,n,5,14,29,8,2,8,6,8,2,-1,5.25,6.11,5.42,5.64
眨,zha3,v,10,10,32,43,3,9,4,4,1,-1,4.05,5.69,6.44,6.26
诈,zha4,n,1,17,117,23,2,7,7,14,2,1,5.36,4.4,5.22,4.74
炸,zha4,v,16,17,117,91,2,9,7,3,3,1,4.13,5.61,6.42,5.9
榨,zha4,v,2,17,117,4,4,14,3,10,2,-1,5.08,5.43,6.19,5.12
斋,zhai1,n,1,8,55,17,2,10,3,15,2,0,5.63,4.45,5.28,3.59
摘,zhai1,v,33,8,55,43,6,14,7,2,3,0,3.97,5.78,6.66,5.79
宅,zhai2,n,6,2,42,51,3,6,4,8,1,0,4.51,6.74,6.58,6.23
窄,zhai3,a,14,2,27,23,3,10,3,3,2,-1,3.68,5.41,6.68,5.71
债,zhai4,n,18,5,43,60,3,10,10,7,1,-1,5.18,4.87,6.58,4.94
寨,zhai4,n,5,5,43,40,4,14,6,5,3,0,5.2,6.05,5.69,5.45
沾,zhan1,v,33,31,48,32,3,8,6,2,2,1,4.69,5.03,5.94,5.09
毡,zhan1,n,1,31,48,7,3,9,6,11,1,1,5.75,5.7,4.87,5.57
粘,zhan1,v,17,31,48,16,3,11,2,5,3,1,4.15,5.37,6.03,5.58
瞻,zhan1,v,1,31,48,9,5,18,3,11,1,1,5.68,4.95,5.75,4.35
斩,zhan3,v,13,22,904,29,2,8,6,10,1,0,5.15,5.46,6.34,5.16
展,zhan3,v,18,22,904,919,3,10,27,4,2,0,4.14,4.7,6.27,5.61
辗,zhan3,v,1,22,904,7,4,14,3,14,0,1,5.92,5.2,5.16,5.06
占,zhan4,v,323,23,2300,221,2,5,16,6,2,0,4.28,4.67,6.48,4.23
战,zhan4,v,19,23,2300,840,3,9,89,2,2,1,3.8,4.84,6.44,5.74
站,zhan4,v,316,23,2300,457,3,10,17,2,3,1,3.23,6.03,6.77,6
绽,zhan4,v,1,23,2300,16,4,11,5,5,1,-1,5.58,4,5.09,4.62
蘸,zhan4,v,8,23,2300,3,5,22,2,3,1,0,5.38,5.51,5.56,5.65
涨,zhang3,v,27,9,236,47,3,10,8,5,4,1,4.69,5.05,5.77,5.82
掌,zhang3,n,11,9,236,267,4,12,25,1,4,-1,3.95,6.32,6.48,6.1
仗,zhang4,n,22,19,381,52,2,5,11,2,3,1,4.26,4.28,5.81,3.76
帐,zhang4,n,49,19,381,81,2,7,20,6,5,-1,4.47,5.43,5.77,6.3
杖,zhang4,v,4,19,381,26,2,7,5,8,2,1,4.6,4.81,4.03,6.14
胀,zhang4,a,2,19,381,29,2,8,11,6,2,-1,4.56,5.05,6.13,5.82
账,zhang4,n,31,19,381,16,2,8,34,8,2,-1,4.92,5.2,6.5,5.06
障,zhang4,v,1,19,381,66,4,13,9,7,2,1,5.13,3.98,4.84,4.91
招,zhao1,v,43,14,133,274,3,8,26,2,3,1,3.7,4.79,6.71,5.06
昭,zhao1,v,2,14,133,41,3,9,3,8,1,1,5.5,3.47,4.38,3.1
找,zhao3,v,836,4,614,594,2,7,3,1,2,0,2.89,5.35,6.4,6.44
召,zhao4,v,10,25,728,113,2,5,6,10,3,0,4,4.43,5.71,4.18
照,zhao4,v,69,25,728,430,4,13,50,2,5,1,3.81,4.86,6.27,5.32
罩,zhao4,v,5,25,728,40,4,13,9,6,3,-1,4.68,5.35,6.19,5.91
蜇,zhe1,v,2,3,42,1,3,13,1,13,1,1,5.97,4.65,5.25,4.44
遮,zhe1,v,16,3,42,37,4,14,8,5,1,-1,4.9,5.95,6.13,5.84
折,zhe2,v,22,37,1133,132,2,7,37,5,5,0,3.9,5.33,6.41,5.55
哲,zhe2,n,1,37,1133,68,3,10,5,8,2,1,5.26,3.03,5.68,3.46
蔗,zhe4,n,1,11,9313,3,4,14,3,17,1,-1,4.92,5.73,5.47,4.32
贞,zhen1,a,2,51,1555,37,2,6,3,15,3,0,4.97,2.65,5,3.35
针,zhen1,n,18,51,1555,123,2,7,31,4,3,0,3.43,6.78,6.47,6.58
珍,zhen1,a,1,51,1555,123,3,9,19,2,3,0,4.25,3.22,5.58,3.71
斟,zhen1,v,3,51,1555,12,5,13,3,15,1,-1,6.15,5.05,5.94,4.56
臻,zhen1,v,1,51,1555,7,4,16,1,11,1,-1,6.49,2.25,2.91,2.62
诊,zhen3,v,3,28,57,31,3,7,15,6,1,0,4.61,4.75,6.16,5.59
枕,zhen3,v,8,28,57,27,2,8,5,11,2,0,3.64,5.64,5.53,5.52
振,zhen4,v,12,27,693,141,4,10,11,4,2,-1,4.59,4.38,6.31,5.03
赈,zhen4,n,1,27,693,3,4,11,5,23,1,-1,6.03,3.68,4,3.88
镇,zhen4,n,121,27,693,240,4,15,15,5,4,1,4.6,5.64,5.97,4.87
震,zhen4,v,23,27,693,147,4,15,26,5,3,-1,4.82,4.84,6.42,5.45
争,zheng1,v,78,37,1330,438,2,6,27,4,3,0,3.82,4.3,6.74,5.68
征,zheng1,v,13,37,1330,163,3,8,22,5,4,1,4.63,3.56,6.45,3.9
怔,zheng1,v,7,37,1330,58,3,8,7,20,0,1,5.89,3.68,4.48,5.04
挣,zheng1,v,73,37,1330,66,3,9,5,2,2,1,4.69,4.54,6.27,4.93
睁,zheng1,v,33,37,1330,68,3,11,4,2,1,1,3.95,5.88,6.8,6.44
蒸,zheng1,v,16,37,1330,18,5,13,14,4,2,1,4.56,5.41,5.29,6.3
整,zheng3,v,38,10,538,471,4,16,32,2,3,1,4.13,3.63,6.29,4.71
证,zheng4,n,46,13,2990,390,3,7,31,3,2,1,4.23,5,6.87,5.68
政,zheng4,n,31,13,2990,996,3,9,46,5,3,1,4.69,3.24,6.06,3.68
汁,zhi1,n,4,44,4023,20,2,5,10,6,1,-1,3.55,6.37,6.77,5.97
枝,zhi1,n,13,44,4023,69,3,8,17,2,2,1,3.69,6.37,6.33,6.37
知,zhi1,v,190,44,4023,1856,3,8,54,2,4,-1,3.37,3.7,6.4,4.18
织,zhi1,v,16,44,4023,284,3,8,22,7,1,1,4.11,5.32,6.24,5.79
肢,zhi1,n,3,44,4023,20,3,8,13,2,1,1,4.65,6.44,6.32,5.26
执,zhi2,v,5,34,1357,180,2,6,13,8,3,0,4.89,4.32,5.74,3.93
侄,zhi2,n,3,34,1357,24,3,8,5,16,1,1,4.83,6.03,6.47,5.79
值,zhi2,v,30,34,1357,269,3,10,20,4,3,1,4,3.39,5.58,3.96
职,zhi2,n,33,34,1357,335,3,11,29,6,3,1,4.88,4.03,6.28,4.06
植,zhi2,v,16,34,1357,75,3,12,13,3,2,1,4.25,5.26,5.47,4.77
止,zhi3,v,19,35,3274,280,1,4,26,3,3,0,3.56,4.49,5.97,4.86
旨,zhi3,n,18,35,3274,51,2,6,5,17,3,0,5.08,4.22,5.32,3.79
址,zhi3,n,4,35,3274,33,2,7,8,9,1,1,4.68,4.69,6.47,4.35
纸,zhi3,n,105,35,3274,181,2,7,36,2,1,0,3.1,6.95,7,6.53
指,zhi3,v,158,35,3274,687,3,9,53,2,4,1,3.33,5.67,6.6,5.79
趾,zhi3,n,1,35,3274,7,3,11,5,9,2,1,4.47,6.31,5.58,6.48
志,zhi4,n,18,125,4560,449,2,7,28,3,3,0,4.15,3.26,6.45,3.87
治,zhi4,v,153,125,4560,503,3,8,25,3,4,-1,4.26,4.15,6.5,4.74
炙,zhi4,v,1,125,4560,8,2,8,4,8,2,0,6.05,5.08,4.59,4.71
质,zhi4,n,23,125,4560,379,3,8,52,6,3,0,4.56,3.38,5.16,3.18
致,zhi4,v,25,125,4560,297,3,10,40,5,3,1,5.15,3.53,5.88,3.52
掷,zhi4,v,2,125,4560,18,4,11,5,5,2,-1,5.08,5.69,6.19,5.52
窒,zhi4,v,1,125,4560,9,4,11,2,18,1,1,5.85,3.88,4.75,4.26
智,zhi4,n,6,125,4560,155,4,12,16,5,1,1,4.18,2.98,6,4.85
滞,zhi4,a,1,125,4560,20,4,12,11,16,1,-1,5.49,3.7,4.42,3.86
痣,zhi4,n,1,125,4560,2,3,12,1,14,1,1,5.2,6.34,6,5.77
稚,zhi4,a,1,125,4560,18,3,13,3,6,1,0,5.65,3.36,5.81,3.97
置,zhi4,v,26,125,4560,213,3,13,28,2,3,1,4.83,4.79,6.09,3.77
中,zhong1,n,2873,30,3375,5051,1,4,114,1,5,0,2.67,3.95,6.23,5.09
忠,zhong1,a,12,30,3375,109,2,8,13,4,1,1,4.43,4.31,6.56,5.07
钟,zhong1,n,16,30,3375,230,2,9,18,7,4,1,3.73,6.61,6.66,6.57
肿,zhong3,v,9,12,2173,26,2,8,9,13,1,1,4.48,5.56,5.22,5.35
众,zhong4,a,13,15,664,439,3,6,30,3,2,0,3.97,4.35,5.69,5.44
重,chong2,a,182,11,424,1326,1,9,111,3,5,0,3.48,5.03,6.66,5.58
州,zhou1,n,35,34,423,290,1,6,2,6,2,0,3.92,4.62,6.16,4.25
舟,zhou1,n,9,34,423,32,1,6,9,4,1,0,3.39,6.83,6.13,6.78
诌,zhou1,v,1,34,423,2,3,7,2,22,1,-1,6.08,3.08,3.53,3.47
洲,zhou1,n,4,34,423,175,2,9,5,5,2,1,4.63,5.46,6.39,5.13
粥,zhou1,n,28,34,423,11,3,12,1,11,1,0,4.08,6.72,6.78,6.09
轴,zhou2,n,3,4,1,11,2,9,10,6,3,-1,5.1,5.93,6.16,5.88
咒,zhou4,v,4,29,198,28,3,8,5,12,2,0,5.56,4.03,5.68,5.53
宙,zhou4,n,2,29,198,36,2,8,1,6,1,-1,4.53,3.35,5.84,4
昼,zhou4,n,2,29,198,14,3,9,3,8,1,0,4.63,6.05,6.48,5.45
皱,zhou4,v,28,29,198,74,3,10,6,3,2,-1,4.9,5.46,6,5.58
朱,zhu1,n,2,35,263,193,2,6,5,5,2,0,4.56,3.68,5.56,4.59
珠,zhu1,n,8,35,263,148,3,10,36,2,2,1,3.95,5.68,6.65,6.39
猪,zhu1,n,93,35,263,61,3,11,7,7,1,-1,3.17,6.97,6.6,7
竹,zhu2,n,15,26,279,93,1,6,20,1,1,0,3.18,6.74,6.34,6.58
主,zhu3,a,81,19,3981,1654,2,5,92,2,4,0,3.14,3.16,5.39,3.75
拄,zhu3,v,8,19,3981,4,3,8,1,19,1,1,5.15,4.74,5.41,4.47
属,zhu3,v,95,19,3981,224,2,12,20,3,4,-1,4.92,2.75,5.38,3.62
煮,zhu3,v,23,19,3981,21,3,12,2,6,1,-1,3.69,5.73,6.1,6.7
住,zhu4,v,833,53,2098,1043,3,7,32,2,3,1,3,5.35,6.93,6.15
助,zhu4,v,18,53,2098,290,2,7,30,2,1,-1,3.95,3.67,6.09,4.52
注,zhu4,v,6,53,2098,369,3,8,28,3,4,1,4.11,4.25,6.09,5.12
贮,zhu4,v,2,53,2098,7,3,8,5,8,1,0,5.23,4.9,6,4.52
驻,zhu4,v,64,53,2098,84,4,8,12,8,1,1,4.85,4.79,6.28,4.16
柱,zhu4,n,3,53,2098,53,3,9,18,4,2,1,3.95,6.29,6.58,6.06
祝,zhu4,v,26,53,2098,80,3,9,10,3,1,0,3.85,4.05,6.63,4.84
著,zhu4,v,8,53,2098,214,3,11,14,2,4,-1,4.9,3.85,5.84,4.74
蛀,zhu4,v,2,53,2098,2,3,11,4,16,2,1,5.1,5.08,5.56,4.91
筑,zhu4,v,17,53,2098,101,4,12,5,4,3,1,4.82,5.33,6.52,5.41
铸,zhu4,v,9,53,2098,19,3,12,9,3,1,-1,5.1,5.21,5.81,5.1
箸,zhu4,n,1,53,2098,1,3,14,1,13,1,-1,6.51,5.76,4.69,5
抓,zhua1,v,504,5,226,270,2,7,6,4,3,1,3.5,6.06,6.35,6.56
爪,zhua3,n,3,1,0,20,1,4,6,2,3,0,3.28,6.49,6.7,6.27
拽,zhuai1,v,19,1,0,8,2,9,2,6,3,0,5.26,5.33,5.26,6
砖,zhuan1,n,40,16,407,26,2,9,6,11,2,1,3.73,6.84,6.41,6.48
转,zhuan3,v,198,5,0,637,2,8,94,2,3,1,3.69,5.38,6.19,6.5
赚,zhuan4,v,64,18,637,38,3,14,4,13,2,-1,4.88,4.49,6.63,5.29
撰,zhuan4,v,7,18,637,15,5,15,2,15,1,0,6.24,4.21,5.38,4.65
妆,zhuang1,n,3,14,717,31,2,6,5,8,1,-1,4.56,5.32,6.16,5.5
庄,zhuang1,n,6,14,717,186,2,6,20,2,3,0,3.82,4.45,6.57,4.41
装,zhuang1,v,128,14,717,414,3,12,55,2,4,1,4.26,5.03,6,5.61
壮,zhuang4,a,11,11,393,94,2,6,34,4,3,-1,4.1,4.88,6.8,5.65
状,zhuang4,n,19,11,393,196,2,7,31,3,3,-1,4.36,3.28,5.44,3.88
撞,zhuang4,v,48,11,393,88,3,15,14,5,3,-1,4.23,5.68,6.5,6.19
追,zhui1,v,83,8,177,254,2,9,31,2,3,0,3.35,5.53,6.84,6.26
锥,zhui1,n,1,8,177,6,3,13,4,13,2,0,5.81,6.03,5.1,5.75
坠,zhui4,v,4,22,37,24,3,7,9,6,3,-1,5.08,5.38,6.45,6.12
缀,zhui4,v,4,22,37,10,5,11,3,5,3,-1,5.47,4.3,4.94,4.36
赘,zhui4,a,1,22,37,5,4,14,2,20,1,0,6.59,3,3.34,3.06
准,zhun3,a,56,5,519,470,3,10,23,2,5,0,4.18,4.08,5.66,4.35
捉,zhuo1,v,18,15,248,60,3,10,8,1,2,-1,3.69,5.77,6.7,6.06
桌,zhuo1,n,48,15,248,163,3,10,16,1,1,0,2.97,6.71,6.87,6.88
灼,zhuo2,v,1,52,61,18,3,7,8,16,2,-1,5.68,4.82,5.19,4.61
啄,zhuo2,v,3,52,61,5,2,11,3,3,1,-1,4.53,5.54,6,6.03
镯,zhuo2,n,2,52,61,6,4,18,2,21,1,-1,5.69,6,5.5,5.59
兹,zi1,n,2,60,947,47,3,9,1,7,3,0,6.26,2.76,3.19,1.97
姿,zi1,n,1,60,947,59,4,9,16,5,2,-1,4.76,3.92,5.06,4.11
资,zi1,n,18,60,947,707,4,10,34,4,3,-1,4.83,4.77,6.06,3.94
籽,zi2,n,3,1,5185,5,2,9,2,7,1,1,4.97,5.63,6.19,5.12
紫,zi3,a,10,22,5185,99,3,12,20,4,1,-1,3.73,5.72,6.52,6.23
字,zi4,n,343,14,3289,531,2,6,59,1,4,1,2.83,6.33,6.63,6.71
棕,zong1,a,2,36,124,11,3,12,7,2,1,1,5.15,5.21,5.44,4.74
踪,zong1,n,2,36,124,74,4,15,9,7,1,1,5.28,4.06,5.19,3.82
鬃,zong1,n,3,36,124,3,4,18,5,4,1,1,6.5,5.22,4.29,5.14
总,zong3,a,376,16,933,1043,3,9,49,2,3,0,3.56,3.73,5.65,4.04
走,zou3,v,1601,3,1806,1378,2,7,35,1,4,0,2.6,6.13,6.87,6.67
奏,zou4,v,11,3,43,79,3,9,11,9,3,0,5.05,4.82,6.29,4.71
揍,zou4,v,12,3,43,11,4,12,1,11,1,1,4.39,5.43,5.97,6.56
租,zu1,v,18,4,42,73,2,10,12,13,3,-1,4.95,5.05,6.68,5.68
足,zu2,a,40,14,598,401,2,7,49,6,3,0,3.28,4.25,5.29,5.04
卒,zu2,v,2,14,598,20,4,8,3,16,4,0,5.31,4.43,4.47,3.76
族,zu2,n,62,14,598,291,4,11,11,4,3,0,4.74,4.21,6.61,4.26
阻,zu3,v,3,12,881,91,2,7,23,7,1,-1,4.34,4.5,6.28,5.74
组,zu3,n,101,12,881,474,2,8,18,3,2,-1,3.84,4.51,6.19,4.35
祖,zu3,n,3,12,881,181,2,9,23,2,2,-1,3.85,4.87,6.06,4.61
钻,zuan4,v,65,3,6,64,3,10,24,2,3,-1,4.4,5.36,6.25,5.13
嘴,zui3,n,183,5,376,258,6,16,38,3,2,-1,2.93,6.89,6.72,6.77
罪,zui4,n,68,19,1338,219,2,13,27,7,3,-1,4.69,4.33,6.72,5.85
醉,zui4,v,24,19,1338,79,5,15,10,8,3,-1,4.78,5.32,5.65,6.04
遵,zun1,v,7,11,129,45,4,15,6,6,1,1,4.74,3.73,6.19,4.47
昨,zuo2,n,3,9,138,115,2,9,7,3,1,-1,3.15,3.83,5.67,5
左,zuo3,n,53,3,322,252,2,5,17,2,3,0,2.63,5.03,6,5.42
佐,zuo3,v,2,3,322,38,3,7,1,18,2,1,5.67,3.13,4.47,3.55
作,zuo4,v,403,18,4776,2249,2,7,106,3,5,-1,3.53,3.6,6.22,4.76
坐,zuo4,v,432,18,4776,493,3,7,24,1,4,0,2.66,5.84,6.73,6.67
做,zuo4,v,1142,18,4776,998,4,11,20,1,3,0,3.13,4.85,7,5.06